{"cameraMode":{"drawMode":0,"name":"Shaded","section":"Shading Mode"},"sceneLighting":false,"audioPlay":false,"sceneViewState":{"m_AlwaysRefresh":false,"showFog":true,"showSkybox":false,"showFlares":true,"showImageEffects":true,"showParticleSystems":true,"showVisualEffectGraphs":true,"m_FxEnabled":true},"in2DMode":false,"pivot":{"x":-25.665143966674806,"y":9.905876159667969,"z":14.136194229125977},"rotation":{"x":0.0003216333279851824,"y":-0.9994331002235413,"z":-0.03299938142299652,"w":-0.017724160104990007},"size":1.3010002374649048,"orthographic":false}