{"cameraMode":{"drawMode":0,"name":"Shaded","section":"Shading Mode"},"sceneLighting":false,"audioPlay":false,"sceneViewState":{"m_AlwaysRefresh":false,"showFog":true,"showSkybox":false,"showFlares":true,"showImageEffects":true,"showParticleSystems":true,"showVisualEffectGraphs":true,"m_FxEnabled":true},"in2DMode":false,"pivot":{"x":-25.721494674682618,"y":9.350379943847657,"z":14.187210083007813},"rotation":{"x":0.01643652282655239,"y":-0.9824969172477722,"z":0.15153424441814423,"w":0.10833120346069336},"size":0.6722533702850342,"orthographic":false}