{"cameraMode":{"drawMode":0,"name":"Shaded","section":"Shading Mode"},"sceneLighting":false,"audioPlay":false,"sceneViewState":{"m_AlwaysRefresh":false,"showFog":true,"showSkybox":false,"showFlares":true,"showImageEffects":true,"showParticleSystems":true,"showVisualEffectGraphs":true,"m_FxEnabled":true},"in2DMode":false,"pivot":{"x":-2.0527255535125734,"y":0.7903592586517334,"z":13.08297061920166},"rotation":{"x":-0.014337241649627686,"y":0.9845605492591858,"z":-0.14468525350093842,"w":-0.09748166799545288},"size":3.4661238193511965,"orthographic":false}