{"cameraMode":{"drawMode":0,"name":"Shaded","section":"Shading Mode"},"sceneLighting":false,"audioPlay":false,"sceneViewState":{"m_AlwaysRefresh":false,"showFog":true,"showSkybox":false,"showFlares":true,"showImageEffects":true,"showParticleSystems":true,"showVisualEffectGraphs":true,"m_FxEnabled":true},"in2DMode":false,"pivot":{"x":-27.024639129638673,"y":9.332880973815918,"z":17.860000610351564},"rotation":{"x":0.0019724732264876367,"y":-0.8151075839996338,"z":0.5794560313224793,"w":0.0029874437022954227},"size":1.687744140625,"orthographic":false}