{"cameraMode":{"drawMode":0,"name":"Shaded","section":"Shading Mode"},"sceneLighting":false,"audioPlay":false,"sceneViewState":{"m_AlwaysRefresh":false,"showFog":true,"showSkybox":false,"showFlares":true,"showImageEffects":true,"showParticleSystems":true,"showVisualEffectGraphs":true,"m_FxEnabled":true},"in2DMode":false,"pivot":{"x":-1.1540937423706055,"y":1.023106575012207,"z":13.686108589172364},"rotation":{"x":0.03873464837670326,"y":-0.7609028816223145,"z":0.04578221216797829,"w":0.6462303400039673},"size":1.3433446884155274,"orthographic":false}