{"cameraMode":{"drawMode":0,"name":"Shaded","section":"Shading Mode"},"sceneLighting":false,"audioPlay":false,"sceneViewState":{"m_AlwaysRefresh":false,"showFog":true,"showSkybox":false,"showFlares":true,"showImageEffects":true,"showParticleSystems":true,"showVisualEffectGraphs":true,"m_FxEnabled":true},"in2DMode":false,"pivot":{"x":0.003970503807067871,"y":2.0031328201293947,"z":1.1924808025360108},"rotation":{"x":0.22266776859760285,"y":0.324770450592041,"z":-0.07895254343748093,"w":0.9158297181129456},"size":3.3015027046203615,"orthographic":false}