{"cameraMode":{"drawMode":0,"name":"Shaded","section":"Shading Mode"},"sceneLighting":false,"audioPlay":false,"sceneViewState":{"m_AlwaysRefresh":false,"showFog":true,"showSkybox":false,"showFlares":true,"showImageEffects":true,"showParticleSystems":true,"showVisualEffectGraphs":true,"m_FxEnabled":true},"in2DMode":false,"pivot":{"x":2.0242416858673097,"y":-0.4740889072418213,"z":-1.4699413776397706},"rotation":{"x":-0.11824824661016464,"y":-0.45645591616630556,"z":-0.061149850487709048,"w":0.879891037940979},"size":0.05602511391043663,"orthographic":false}