{"cameraMode":{"drawMode":0,"name":"Shaded","section":"Shading Mode"},"sceneLighting":false,"audioPlay":false,"sceneViewState":{"m_AlwaysRefresh":false,"showFog":true,"showSkybox":false,"showFlares":true,"showImageEffects":true,"showParticleSystems":true,"showVisualEffectGraphs":true,"m_FxEnabled":true},"in2DMode":false,"pivot":{"x":0.21972906589508058,"y":-1.1187200546264649,"z":0.585404634475708},"rotation":{"x":0.5976777076721191,"y":0.0025531603023409845,"z":-0.0015579608734697104,"w":0.8019065856933594},"size":3.541996479034424,"orthographic":false}