{"cameraMode":{"drawMode":0,"name":"Shaded","section":"Shading Mode"},"sceneLighting":false,"audioPlay":false,"sceneViewState":{"m_AlwaysRefresh":false,"showFog":true,"showSkybox":false,"showFlares":true,"showImageEffects":true,"showParticleSystems":true,"showVisualEffectGraphs":true,"m_FxEnabled":true},"in2DMode":false,"pivot":{"x":-0.03195897862315178,"y":-1.3604981899261475,"z":-1.189305067062378},"rotation":{"x":0.657434344291687,"y":-0.004539636429399252,"z":0.003940950147807598,"w":0.7535085082054138},"size":1.1785410642623902,"orthographic":false}