{"cameraMode":{"drawMode":0,"name":"Shaded","section":"Shading Mode"},"sceneLighting":false,"audioPlay":false,"sceneViewState":{"m_AlwaysRefresh":false,"showFog":true,"showSkybox":false,"showFlares":true,"showImageEffects":true,"showParticleSystems":true,"showVisualEffectGraphs":true,"m_FxEnabled":true},"in2DMode":false,"pivot":{"x":-0.4503525495529175,"y":1.1684086322784424,"z":-0.26367175579071047},"rotation":{"x":-0.12402977049350739,"y":-0.04881933704018593,"z":-0.006100477650761604,"w":0.9910783767700195},"size":3.2814624309539797,"orthographic":false}