{"cameraMode":{"drawMode":0,"name":"Shaded","section":"Shading Mode"},"sceneLighting":false,"audioPlay":false,"sceneViewState":{"m_AlwaysRefresh":false,"showFog":true,"showSkybox":false,"showFlares":true,"showImageEffects":true,"showParticleSystems":true,"showVisualEffectGraphs":true,"m_FxEnabled":true},"in2DMode":false,"pivot":{"x":-0.08855396509170532,"y":2.676746368408203,"z":4.096310138702393},"rotation":{"x":0.20647992193698884,"y":0.06919382512569428,"z":-0.014630403369665146,"w":0.9759092926979065},"size":5.5418548583984379,"orthographic":false}