{"cameraMode":{"drawMode":0,"name":"Shaded","section":"Shading Mode"},"sceneLighting":false,"audioPlay":false,"sceneViewState":{"m_AlwaysRefresh":false,"showFog":true,"showSkybox":false,"showFlares":true,"showImageEffects":true,"showParticleSystems":true,"showVisualEffectGraphs":true,"m_FxEnabled":true},"in2DMode":false,"pivot":{"x":21.958393096923829,"y":0.8027924299240112,"z":2.2748262882232668},"rotation":{"x":-0.0010860188631340862,"y":-0.9860933423042297,"z":0.0059023951180279259,"w":-0.1666543036699295},"size":1.137749433517456,"orthographic":false}