{"cameraMode":{"drawMode":0,"name":"Shaded","section":"Shading Mode"},"sceneLighting":false,"audioPlay":false,"sceneViewState":{"m_AlwaysRefresh":false,"showFog":true,"showSkybox":false,"showFlares":true,"showImageEffects":true,"showParticleSystems":true,"showVisualEffectGraphs":true,"m_FxEnabled":true},"in2DMode":false,"pivot":{"x":-31.79117202758789,"y":7.753756046295166,"z":10.534748077392579},"rotation":{"x":0.033017732203006747,"y":-0.7803859710693359,"z":0.041313767433166507,"w":0.623083770275116},"size":3.8289783000946047,"orthographic":false}