{"cameraMode":{"drawMode":0,"name":"Shaded","section":"Shading Mode"},"sceneLighting":false,"audioPlay":false,"sceneViewState":{"m_AlwaysRefresh":false,"showFog":true,"showSkybox":false,"showFlares":true,"showImageEffects":true,"showParticleSystems":true,"showVisualEffectGraphs":true,"m_FxEnabled":true},"in2DMode":false,"pivot":{"x":-0.45470428466796877,"y":0.10000000149011612,"z":7.545219421386719},"rotation":{"x":0.40124890208244326,"y":0.48512333631515505,"z":-0.26646116375923159,"w":0.7299741506576538},"size":0.7071067690849304,"orthographic":false}