{"cameraMode":{"drawMode":0,"name":"Shaded","section":"Shading Mode"},"sceneLighting":false,"audioPlay":false,"sceneViewState":{"m_AlwaysRefresh":false,"showFog":true,"showSkybox":false,"showFlares":true,"showImageEffects":true,"showParticleSystems":true,"showVisualEffectGraphs":true,"m_FxEnabled":true},"in2DMode":false,"pivot":{"x":-0.45470428466796877,"y":0.4000000059604645,"z":7.545219421386719},"rotation":{"x":-0.22301547229290009,"y":-0.032793570309877399,"z":0.007192574441432953,"w":-0.9743548631668091},"size":0.7071067690849304,"orthographic":false}