{"cameraMode":{"drawMode":0,"name":"Shaded","section":"Shading Mode"},"sceneLighting":false,"audioPlay":false,"sceneViewState":{"m_AlwaysRefresh":false,"showFog":true,"showSkybox":false,"showFlares":true,"showImageEffects":true,"showParticleSystems":true,"showVisualEffectGraphs":true,"m_FxEnabled":true},"in2DMode":false,"pivot":{"x":1.0290602445602418,"y":0.3851529657840729,"z":0.9876326322555542},"rotation":{"x":-0.16056035459041596,"y":0.7028763890266419,"z":-0.16784030199050904,"w":-0.6723286509513855},"size":1.0968868732452393,"orthographic":false}