{"cameraMode":{"drawMode":0,"name":"Shaded","section":"Shading Mode"},"sceneLighting":true,"audioPlay":false,"sceneViewState":{"m_AlwaysRefresh":false,"showFog":true,"showSkybox":true,"showFlares":true,"showImageEffects":true,"showParticleSystems":true,"showVisualEffectGraphs":true,"m_FxEnabled":true},"in2DMode":false,"pivot":{"x":1739.7130126953125,"y":1071.4183349609375,"z":12.26148509979248},"rotation":{"x":0.06933502852916718,"y":0.02392638847231865,"z":-0.0016726492904126645,"w":0.9973083734512329},"size":222.29351806640626,"orthographic":false}