{"cameraMode":{"drawMode":0,"name":"Shaded","section":"Shading Mode"},"sceneLighting":true,"audioPlay":false,"sceneViewState":{"m_AlwaysRefresh":false,"showFog":true,"showSkybox":true,"showFlares":true,"showImageEffects":true,"showParticleSystems":true,"showVisualEffectGraphs":true,"m_FxEnabled":true},"in2DMode":false,"pivot":{"x":-22.605911254882814,"y":-0.4864158630371094,"z":22.290515899658204},"rotation":{"x":-0.33057594299316409,"y":-0.6064009666442871,"z":0.3038342297077179,"w":-0.6569430828094482},"size":3.7155067920684816,"orthographic":false}