{"cameraMode":{"drawMode":0,"name":"Shaded","section":"Shading Mode"},"sceneLighting":true,"audioPlay":false,"sceneViewState":{"m_AlwaysRefresh":false,"showFog":true,"showSkybox":true,"showFlares":true,"showImageEffects":true,"showParticleSystems":true,"showVisualEffectGraphs":true,"m_FxEnabled":true},"in2DMode":false,"pivot":{"x":-3.8681254386901857,"y":0.9549236297607422,"z":-1.566294550895691},"rotation":{"x":-0.029608014971017839,"y":0.9244602918624878,"z":-0.07578899711370468,"w":-0.3737066388130188},"size":1.5696197748184205,"orthographic":false}