{"cameraMode":{"drawMode":0,"name":"Shaded","section":"Shading Mode"},"sceneLighting":true,"audioPlay":false,"sceneViewState":{"m_AlwaysRefresh":false,"showFog":true,"showSkybox":true,"showFlares":true,"showImageEffects":true,"showParticleSystems":true,"showVisualEffectGraphs":true,"m_FxEnabled":true},"in2DMode":false,"pivot":{"x":727.967041015625,"y":482.9416809082031,"z":172.4703369140625},"rotation":{"x":0.015360545367002488,"y":-0.049129314720630649,"z":0.001620679977349937,"w":0.9991083145141602},"size":727.5491943359375,"orthographic":false}