{"cameraMode":{"drawMode":0,"name":"Shaded","section":"Shading Mode"},"sceneLighting":true,"audioPlay":false,"sceneViewState":{"m_AlwaysRefresh":false,"showFog":true,"showSkybox":true,"showFlares":true,"showImageEffects":true,"showParticleSystems":true,"showVisualEffectGraphs":true,"m_FxEnabled":true},"in2DMode":false,"pivot":{"x":-0.3743991553783417,"y":1.9704793691635132,"z":13.846277236938477},"rotation":{"x":-0.006548668257892132,"y":-0.9689854383468628,"z":0.24638032913208009,"w":-0.024361932650208474},"size":0.8782787322998047,"orthographic":false}