Using pre-set license
Built from '2022.3/staging' branch; Version is '2022.3.40f1 (cbdda657d2f0) revision 13360550'; Using compiler version '192829333'; Build Type 'Release'
OS: 'Windows 10  (10.0.19045) 64bit Professional' Language: 'hu' Physical Memory: 24511 MB
BatchMode: 1, IsHumanControllingUs: 0, StartBugReporterOnCrash: 0, Is64bit: 1, IsPro: 1

COMMAND LINE ARGUMENTS:
C:\Program Files\Unity\Hub\Editor\2022.3.40f1\Editor\Unity.exe
-adb2
-batchMode
-noUpm
-name
AssetImportWorker0
-projectPath
D:/Szakdolgozat/towerdefense/TowerDefense
-logFile
Logs/AssetImportWorker0.log
-srvPort
63777
Successfully changed project path to: D:/Szakdolgozat/towerdefense/TowerDefense
D:/Szakdolgozat/towerdefense/TowerDefense
[UnityMemory] Configuration Parameters - Can be set up in boot.config
    "memorysetup-bucket-allocator-granularity=16"
    "memorysetup-bucket-allocator-bucket-count=8"
    "memorysetup-bucket-allocator-block-size=33554432"
    "memorysetup-bucket-allocator-block-count=8"
    "memorysetup-main-allocator-block-size=16777216"
    "memorysetup-thread-allocator-block-size=16777216"
    "memorysetup-gfx-main-allocator-block-size=16777216"
    "memorysetup-gfx-thread-allocator-block-size=16777216"
    "memorysetup-cache-allocator-block-size=4194304"
    "memorysetup-typetree-allocator-block-size=2097152"
    "memorysetup-profiler-bucket-allocator-granularity=16"
    "memorysetup-profiler-bucket-allocator-bucket-count=8"
    "memorysetup-profiler-bucket-allocator-block-size=33554432"
    "memorysetup-profiler-bucket-allocator-block-count=8"
    "memorysetup-profiler-allocator-block-size=16777216"
    "memorysetup-profiler-editor-allocator-block-size=1048576"
    "memorysetup-temp-allocator-size-main=16777216"
    "memorysetup-job-temp-allocator-block-size=2097152"
    "memorysetup-job-temp-allocator-block-size-background=1048576"
    "memorysetup-job-temp-allocator-reduction-small-platforms=262144"
    "memorysetup-allocator-temp-initial-block-size-main=262144"
    "memorysetup-allocator-temp-initial-block-size-worker=262144"
    "memorysetup-temp-allocator-size-background-worker=32768"
    "memorysetup-temp-allocator-size-job-worker=262144"
    "memorysetup-temp-allocator-size-preload-manager=33554432"
    "memorysetup-temp-allocator-size-nav-mesh-worker=65536"
    "memorysetup-temp-allocator-size-audio-worker=65536"
    "memorysetup-temp-allocator-size-cloud-worker=32768"
    "memorysetup-temp-allocator-size-gi-baking-worker=262144"
    "memorysetup-temp-allocator-size-gfx=262144"
Player connection [7004]  Target information:

Player connection [7004]  * "[IP] 192.168.100.7 [Port] 0 [Flags] 2 [Guid] 380998028 [EditorId] 380998028 [Version] 1048832 [Id] WindowsEditor(7,DESKTOP-74RDSIB) [Debug] 1 [PackageName] WindowsEditor [ProjectName] Editor" 

Player connection [7004] Host joined multi-casting on [225.0.0.222:54997]...
Player connection [7004] Host joined alternative multi-casting on [225.0.0.222:34997]...
[PhysX] Initialized MultithreadedTaskDispatcher with 6 workers.
Refreshing native plugins compatible for Editor in 10.92 ms, found 5 plugins.
Preloading 0 native plugins for Editor in 0.00 ms.
Initialize engine version: 2022.3.40f1 (cbdda657d2f0)
[Subsystems] Discovering subsystems at path C:/Program Files/Unity/Hub/Editor/2022.3.40f1/Editor/Data/Resources/UnitySubsystems
[Subsystems] Discovering subsystems at path D:/Szakdolgozat/towerdefense/TowerDefense/Assets
GfxDevice: creating device client; threaded=0; jobified=0
Direct3D:
    Version:  Direct3D 11.0 [level 11.1]
    Renderer: AMD Radeon RX 6600 XT (ID=0x73ff)
    Vendor:   ATI
    VRAM:     8127 MB
    Driver:   32.0.12033.1030
Initialize mono
Mono path[0] = 'C:/Program Files/Unity/Hub/Editor/2022.3.40f1/Editor/Data/Managed'
Mono path[1] = 'C:/Program Files/Unity/Hub/Editor/2022.3.40f1/Editor/Data/MonoBleedingEdge/lib/mono/unityjit-win32'
Mono config path = 'C:/Program Files/Unity/Hub/Editor/2022.3.40f1/Editor/Data/MonoBleedingEdge/etc'
Using monoOptions --debugger-agent=transport=dt_socket,embedding=1,server=y,suspend=n,address=127.0.0.1:56120
Begin MonoManager ReloadAssembly
Registering precompiled unity dll's ...
Register platform support module: C:/Program Files/Unity/Hub/Editor/2022.3.40f1/Editor/Data/PlaybackEngines/WindowsStandaloneSupport/UnityEditor.WindowsStandalone.Extensions.dll
Registered in 0.005952 seconds.
- Loaded All Assemblies, in  0.314 seconds
Native extension for WindowsStandalone target not found
Mono: successfully reloaded assembly
- Finished resetting the current domain, in  0.230 seconds
Domain Reload Profiling: 543ms
	BeginReloadAssembly (106ms)
		ExecutionOrderSort (0ms)
		DisableScriptedObjects (0ms)
		BackupInstance (0ms)
		ReleaseScriptingObjects (0ms)
		CreateAndSetChildDomain (1ms)
	RebuildCommonClasses (29ms)
	RebuildNativeTypeToScriptingClass (9ms)
	initialDomainReloadingComplete (49ms)
	LoadAllAssembliesAndSetupDomain (120ms)
		LoadAssemblies (104ms)
		RebuildTransferFunctionScriptingTraits (0ms)
		AnalyzeDomain (119ms)
			TypeCache.Refresh (118ms)
				TypeCache.ScanAssembly (107ms)
			ScanForSourceGeneratedMonoScriptInfo (0ms)
			ResolveRequiredComponents (0ms)
	FinalizeReload (230ms)
		ReleaseScriptCaches (0ms)
		RebuildScriptCaches (0ms)
		SetupLoadedEditorAssemblies (191ms)
			LogAssemblyErrors (0ms)
			InitializePlatformSupportModulesInManaged (9ms)
			SetLoadedEditorAssemblies (6ms)
			RefreshPlugins (0ms)
			BeforeProcessingInitializeOnLoad (2ms)
			ProcessInitializeOnLoadAttributes (133ms)
			ProcessInitializeOnLoadMethodAttributes (41ms)
			AfterProcessingInitializeOnLoad (0ms)
			EditorAssembliesLoaded (0ms)
		ExecutionOrderSort2 (0ms)
		AwakeInstancesAfterBackupRestoration (0ms)
========================================================================
Worker process is ready to serve import requests
Caller must complete domain reload
Begin MonoManager ReloadAssembly
- Loaded All Assemblies, in  0.590 seconds
Native extension for WindowsStandalone target not found
Package Manager log level set to [2]
[Package Manager] Server::EnsureServerProcessIsRunning -- launch failed, reason: Unity was launched with the -noUpm command-line argument
[Package Manager] UpmClient::Send -- Unable to send message (not connected to UPM process).
[Package Manager] Cannot connect to Unity Package Manager local server
Mono: successfully reloaded assembly
- Finished resetting the current domain, in  0.757 seconds
Domain Reload Profiling: 1346ms
	BeginReloadAssembly (123ms)
		ExecutionOrderSort (0ms)
		DisableScriptedObjects (5ms)
		BackupInstance (0ms)
		ReleaseScriptingObjects (0ms)
		CreateAndSetChildDomain (16ms)
	RebuildCommonClasses (29ms)
	RebuildNativeTypeToScriptingClass (9ms)
	initialDomainReloadingComplete (35ms)
	LoadAllAssembliesAndSetupDomain (392ms)
		LoadAssemblies (252ms)
		RebuildTransferFunctionScriptingTraits (0ms)
		AnalyzeDomain (212ms)
			TypeCache.Refresh (178ms)
				TypeCache.ScanAssembly (164ms)
			ScanForSourceGeneratedMonoScriptInfo (22ms)
			ResolveRequiredComponents (11ms)
	FinalizeReload (758ms)
		ReleaseScriptCaches (0ms)
		RebuildScriptCaches (0ms)
		SetupLoadedEditorAssemblies (603ms)
			LogAssemblyErrors (0ms)
			InitializePlatformSupportModulesInManaged (5ms)
			SetLoadedEditorAssemblies (3ms)
			RefreshPlugins (0ms)
			BeforeProcessingInitializeOnLoad (76ms)
			ProcessInitializeOnLoadAttributes (466ms)
			ProcessInitializeOnLoadMethodAttributes (48ms)
			AfterProcessingInitializeOnLoad (6ms)
			EditorAssembliesLoaded (0ms)
		ExecutionOrderSort2 (0ms)
		AwakeInstancesAfterBackupRestoration (4ms)
Launched and connected shader compiler UnityShaderCompiler.exe after 0.03 seconds
Refreshing native plugins compatible for Editor in 4.85 ms, found 5 plugins.
Preloading 0 native plugins for Editor in 0.00 ms.
Unloading 5168 Unused Serialized files (Serialized files now loaded: 0)
Unloading 29 unused Assets / (0.7 MB). Loaded Objects now: 5667.
Memory consumption went from 211.3 MB to 210.6 MB.
Total: 3.180300 ms (FindLiveObjects: 0.331600 ms CreateObjectMapping: 0.351900 ms MarkObjects: 2.246400 ms  DeleteObjects: 0.249400 ms)

AssetImportParameters requested are different than current active one (requested -> active):
  custom:container-demuxer-ogg: 62fdf1f143b41e24485cea50d1cbac27 -> 
  custom:video-decoder-ogg-theora: a1e56fd34408186e4bbccfd4996cb3dc -> 
  custom:framework-win-MediaFoundation: 216162199b28c13a410421893ffa2e32 -> 
  custom:CustomObjectIndexerAttribute: 72b91833f83ae208fae7752999fa3104 -> 
  custom:container-demuxer-webm: 4f35f7cbe854078d1ac9338744f61a02 -> 
  custom:container-muxer-webm: aa71ff27fc2769a1b78a27578f13a17b -> 
  custom:video-decoder-webm-vp8: 9c59270c3fd7afecdb556c50c9e8de78 -> 
  custom:SearchIndexIgnoredProperties: e643bd26f0fe6173181afceb89e7c659 -> 
  custom:AudioImporter_EditorPlatform: d09bf68614088b80899f8185d706f6e7 -> 
  custom:video-encoder-webm-vp8: eb34c28f22e8b96e1ab97ce403110664 -> 
  custom:audio-decoder-ogg-vorbis: bf7c407c2cedff20999df2af8eb42d56 -> 
  custom:audio-encoder-webm-vorbis: bf7c407c2cedff20999df2af8eb42d56 -> 
========================================================================
Received Prepare
Caller must complete domain reload
Begin MonoManager ReloadAssembly
- Loaded All Assemblies, in  0.375 seconds
Native extension for WindowsStandalone target not found
[Package Manager] Server::EnsureServerProcessIsRunning -- launch failed, reason: Unity was launched with the -noUpm command-line argument
[Package Manager] UpmClient::Send -- Unable to send message (not connected to UPM process).
[Package Manager] Cannot connect to Unity Package Manager local server
Mono: successfully reloaded assembly
- Finished resetting the current domain, in  1.075 seconds
Domain Reload Profiling: 1448ms
	BeginReloadAssembly (126ms)
		ExecutionOrderSort (0ms)
		DisableScriptedObjects (3ms)
		BackupInstance (0ms)
		ReleaseScriptingObjects (0ms)
		CreateAndSetChildDomain (29ms)
	RebuildCommonClasses (27ms)
	RebuildNativeTypeToScriptingClass (10ms)
	initialDomainReloadingComplete (25ms)
	LoadAllAssembliesAndSetupDomain (186ms)
		LoadAssemblies (235ms)
		RebuildTransferFunctionScriptingTraits (0ms)
		AnalyzeDomain (17ms)
			TypeCache.Refresh (5ms)
				TypeCache.ScanAssembly (0ms)
			ScanForSourceGeneratedMonoScriptInfo (0ms)
			ResolveRequiredComponents (10ms)
	FinalizeReload (1075ms)
		ReleaseScriptCaches (0ms)
		RebuildScriptCaches (0ms)
		SetupLoadedEditorAssemblies (479ms)
			LogAssemblyErrors (0ms)
			InitializePlatformSupportModulesInManaged (5ms)
			SetLoadedEditorAssemblies (3ms)
			RefreshPlugins (0ms)
			BeforeProcessingInitializeOnLoad (65ms)
			ProcessInitializeOnLoadAttributes (355ms)
			ProcessInitializeOnLoadMethodAttributes (45ms)
			AfterProcessingInitializeOnLoad (6ms)
			EditorAssembliesLoaded (0ms)
		ExecutionOrderSort2 (0ms)
		AwakeInstancesAfterBackupRestoration (4ms)
Refreshing native plugins compatible for Editor in 5.00 ms, found 5 plugins.
Preloading 0 native plugins for Editor in 0.00 ms.
Unloading 5070 Unused Serialized files (Serialized files now loaded: 0)
Unloading 26 unused Assets / (0.7 MB). Loaded Objects now: 5669.
Memory consumption went from 188.9 MB to 188.3 MB.
Total: 2.873200 ms (FindLiveObjects: 0.310700 ms CreateObjectMapping: 0.280300 ms MarkObjects: 2.020800 ms  DeleteObjects: 0.260800 ms)

Prepare: number of updated asset objects reloaded= 0
AssetImportParameters requested are different than current active one (requested -> active):
  custom:container-demuxer-ogg: 62fdf1f143b41e24485cea50d1cbac27 -> 
  custom:video-decoder-ogg-theora: a1e56fd34408186e4bbccfd4996cb3dc -> 
  custom:framework-win-MediaFoundation: 216162199b28c13a410421893ffa2e32 -> 
  custom:CustomObjectIndexerAttribute: 72b91833f83ae208fae7752999fa3104 -> 
  custom:container-demuxer-webm: 4f35f7cbe854078d1ac9338744f61a02 -> 
  custom:container-muxer-webm: aa71ff27fc2769a1b78a27578f13a17b -> 
  custom:video-decoder-webm-vp8: 9c59270c3fd7afecdb556c50c9e8de78 -> 
  custom:SearchIndexIgnoredProperties: e643bd26f0fe6173181afceb89e7c659 -> 
  custom:AudioImporter_EditorPlatform: d09bf68614088b80899f8185d706f6e7 -> 
  custom:video-encoder-webm-vp8: eb34c28f22e8b96e1ab97ce403110664 -> 
  custom:audio-decoder-ogg-vorbis: bf7c407c2cedff20999df2af8eb42d56 -> 
  custom:audio-encoder-webm-vorbis: bf7c407c2cedff20999df2af8eb42d56 -> 
========================================================================
Received Import Request.
  Time since last request: 475029.956642 seconds.
  path: Assets/Tests/PlayMode/AI_Test.cs
  artifactKey: Guid(52171b06e05f3ab4ea34a70153b6e37d) Importer(815301076,1909f56bfc062723c751e8b465ee728b)
Start importing Assets/Tests/PlayMode/AI_Test.cs using Guid(52171b06e05f3ab4ea34a70153b6e37d) Importer(815301076,1909f56bfc062723c751e8b465ee728b) [PhysX] Initialized MultithreadedTaskDispatcher with 6 workers.
 -> (artifact id: '9e0da021428eb2fd4039f5d95466814c') in 0.002618 seconds
Number of updated asset objects reloaded before import = 0
Number of asset objects unloaded after import = 0
========================================================================
Received Prepare
Caller must complete domain reload
Begin MonoManager ReloadAssembly
- Loaded All Assemblies, in  0.409 seconds
Native extension for WindowsStandalone target not found
[Package Manager] Server::EnsureServerProcessIsRunning -- launch failed, reason: Unity was launched with the -noUpm command-line argument
[Package Manager] UpmClient::Send -- Unable to send message (not connected to UPM process).
[Package Manager] Cannot connect to Unity Package Manager local server
Mono: successfully reloaded assembly
- Finished resetting the current domain, in  1.137 seconds
Domain Reload Profiling: 1544ms
	BeginReloadAssembly (124ms)
		ExecutionOrderSort (0ms)
		DisableScriptedObjects (5ms)
		BackupInstance (0ms)
		ReleaseScriptingObjects (0ms)
		CreateAndSetChildDomain (25ms)
	RebuildCommonClasses (28ms)
	RebuildNativeTypeToScriptingClass (11ms)
	initialDomainReloadingComplete (29ms)
	LoadAllAssembliesAndSetupDomain (215ms)
		LoadAssemblies (248ms)
		RebuildTransferFunctionScriptingTraits (0ms)
		AnalyzeDomain (35ms)
			TypeCache.Refresh (8ms)
				TypeCache.ScanAssembly (0ms)
			ScanForSourceGeneratedMonoScriptInfo (17ms)
			ResolveRequiredComponents (10ms)
	FinalizeReload (1137ms)
		ReleaseScriptCaches (0ms)
		RebuildScriptCaches (0ms)
		SetupLoadedEditorAssemblies (554ms)
			LogAssemblyErrors (0ms)
			InitializePlatformSupportModulesInManaged (7ms)
			SetLoadedEditorAssemblies (5ms)
			RefreshPlugins (0ms)
			BeforeProcessingInitializeOnLoad (80ms)
			ProcessInitializeOnLoadAttributes (406ms)
			ProcessInitializeOnLoadMethodAttributes (50ms)
			AfterProcessingInitializeOnLoad (6ms)
			EditorAssembliesLoaded (0ms)
		ExecutionOrderSort2 (0ms)
		AwakeInstancesAfterBackupRestoration (4ms)
Refreshing native plugins compatible for Editor in 5.75 ms, found 5 plugins.
Preloading 0 native plugins for Editor in 0.00 ms.
Unloading 5070 Unused Serialized files (Serialized files now loaded: 0)
Unloading 25 unused Assets / (0.7 MB). Loaded Objects now: 5673.
Memory consumption went from 188.7 MB to 188.0 MB.
Total: 3.398200 ms (FindLiveObjects: 0.375800 ms CreateObjectMapping: 0.443000 ms MarkObjects: 2.309100 ms  DeleteObjects: 0.269400 ms)

Prepare: number of updated asset objects reloaded= 0
AssetImportParameters requested are different than current active one (requested -> active):
  custom:container-demuxer-ogg: 62fdf1f143b41e24485cea50d1cbac27 -> 
  custom:video-decoder-ogg-theora: a1e56fd34408186e4bbccfd4996cb3dc -> 
  custom:framework-win-MediaFoundation: 216162199b28c13a410421893ffa2e32 -> 
  custom:CustomObjectIndexerAttribute: 72b91833f83ae208fae7752999fa3104 -> 
  custom:container-demuxer-webm: 4f35f7cbe854078d1ac9338744f61a02 -> 
  custom:container-muxer-webm: aa71ff27fc2769a1b78a27578f13a17b -> 
  custom:video-decoder-webm-vp8: 9c59270c3fd7afecdb556c50c9e8de78 -> 
  custom:SearchIndexIgnoredProperties: e643bd26f0fe6173181afceb89e7c659 -> 
  custom:scripting/precompiled-assembly-types:PlayModeTests: eb5089d5350cdf8c9cfead45fbf2aeba -> 3bb08c5da998212b299b22a516533d20
  custom:AudioImporter_EditorPlatform: d09bf68614088b80899f8185d706f6e7 -> 
  custom:video-encoder-webm-vp8: eb34c28f22e8b96e1ab97ce403110664 -> 
  custom:audio-decoder-ogg-vorbis: bf7c407c2cedff20999df2af8eb42d56 -> 
  custom:audio-encoder-webm-vorbis: bf7c407c2cedff20999df2af8eb42d56 -> 
  custom:scripting/monoscript/fileName/AI_Test.cs: 2d0d1cf464ba02d0dab7d150ce3aa6cc -> 
========================================================================
Received Import Request.
  Time since last request: 7.078939 seconds.
  path: Assets/Tests/PlayMode/AI_Test.cs
  artifactKey: Guid(52171b06e05f3ab4ea34a70153b6e37d) Importer(815301076,1909f56bfc062723c751e8b465ee728b)
Start importing Assets/Tests/PlayMode/AI_Test.cs using Guid(52171b06e05f3ab4ea34a70153b6e37d) Importer(815301076,1909f56bfc062723c751e8b465ee728b) [PhysX] Initialized MultithreadedTaskDispatcher with 6 workers.
 -> (artifact id: '00000000000000000000000000000000') in 0.001432 seconds
Import Error Code:(4)
Message: Build asset version error: assets/tests/playmode/ai_test.cs in SourceAssetDB has modification time of '2025-04-29T06:58:12.906501Z' while content on disk has modification time of '2025-04-29T06:58:19.9876532Z'
  ERROR: Build asset version error: assets/tests/playmode/ai_test.cs in SourceAssetDB has modification time of '2025-04-29T06:58:12.906501Z' while content on disk has modification time of '2025-04-29T06:58:19.9876532Z'
Number of updated asset objects reloaded before import = 0
Number of asset objects unloaded after import = 0
========================================================================
Received Import Request.
  Time since last request: 0.000857 seconds.
  path: Assets/Tests/PlayMode/AI_Test.cs
  artifactKey: Guid(52171b06e05f3ab4ea34a70153b6e37d) Importer(815301076,1909f56bfc062723c751e8b465ee728b)
Start importing Assets/Tests/PlayMode/AI_Test.cs using Guid(52171b06e05f3ab4ea34a70153b6e37d) Importer(815301076,1909f56bfc062723c751e8b465ee728b) [PhysX] Initialized MultithreadedTaskDispatcher with 6 workers.
 -> (artifact id: '00000000000000000000000000000000') in 0.000402 seconds
Import Error Code:(4)
Message: Build asset version error: assets/tests/playmode/ai_test.cs in SourceAssetDB has modification time of '2025-04-29T06:58:12.906501Z' while content on disk has modification time of '2025-04-29T06:58:19.9876532Z'
  ERROR: Build asset version error: assets/tests/playmode/ai_test.cs in SourceAssetDB has modification time of '2025-04-29T06:58:12.906501Z' while content on disk has modification time of '2025-04-29T06:58:19.9876532Z'
Number of updated asset objects reloaded before import = 0
Number of asset objects unloaded after import = 0
========================================================================
Received Import Request.
  Time since last request: 0.001662 seconds.
  path: Assets/Tests/PlayMode/AI_Test.cs
  artifactKey: Guid(52171b06e05f3ab4ea34a70153b6e37d) Importer(815301076,1909f56bfc062723c751e8b465ee728b)
Start importing Assets/Tests/PlayMode/AI_Test.cs using Guid(52171b06e05f3ab4ea34a70153b6e37d) Importer(815301076,1909f56bfc062723c751e8b465ee728b) [PhysX] Initialized MultithreadedTaskDispatcher with 6 workers.
 -> (artifact id: '00000000000000000000000000000000') in 0.000347 seconds
Import Error Code:(4)
Message: Build asset version error: assets/tests/playmode/ai_test.cs in SourceAssetDB has modification time of '2025-04-29T06:58:12.906501Z' while content on disk has modification time of '2025-04-29T06:58:19.9876532Z'
  ERROR: Build asset version error: assets/tests/playmode/ai_test.cs in SourceAssetDB has modification time of '2025-04-29T06:58:12.906501Z' while content on disk has modification time of '2025-04-29T06:58:19.9876532Z'
Number of updated asset objects reloaded before import = 0
Number of asset objects unloaded after import = 0
========================================================================
Received Import Request.
  Time since last request: 0.003025 seconds.
  path: Assets/Tests/PlayMode/AI_Test.cs
  artifactKey: Guid(52171b06e05f3ab4ea34a70153b6e37d) Importer(815301076,1909f56bfc062723c751e8b465ee728b)
Start importing Assets/Tests/PlayMode/AI_Test.cs using Guid(52171b06e05f3ab4ea34a70153b6e37d) Importer(815301076,1909f56bfc062723c751e8b465ee728b) [PhysX] Initialized MultithreadedTaskDispatcher with 6 workers.
 -> (artifact id: '00000000000000000000000000000000') in 0.000406 seconds
Import Error Code:(4)
Message: Build asset version error: assets/tests/playmode/ai_test.cs in SourceAssetDB has modification time of '2025-04-29T06:58:12.906501Z' while content on disk has modification time of '2025-04-29T06:58:19.9876532Z'
  ERROR: Build asset version error: assets/tests/playmode/ai_test.cs in SourceAssetDB has modification time of '2025-04-29T06:58:12.906501Z' while content on disk has modification time of '2025-04-29T06:58:19.9876532Z'
Number of updated asset objects reloaded before import = 0
Number of asset objects unloaded after import = 0
========================================================================
Received Import Request.
  Time since last request: 0.002289 seconds.
  path: Assets/Tests/PlayMode/AI_Test.cs
  artifactKey: Guid(52171b06e05f3ab4ea34a70153b6e37d) Importer(815301076,1909f56bfc062723c751e8b465ee728b)
Start importing Assets/Tests/PlayMode/AI_Test.cs using Guid(52171b06e05f3ab4ea34a70153b6e37d) Importer(815301076,1909f56bfc062723c751e8b465ee728b) [PhysX] Initialized MultithreadedTaskDispatcher with 6 workers.
 -> (artifact id: '00000000000000000000000000000000') in 0.000347 seconds
Import Error Code:(4)
Message: Build asset version error: assets/tests/playmode/ai_test.cs in SourceAssetDB has modification time of '2025-04-29T06:58:12.906501Z' while content on disk has modification time of '2025-04-29T06:58:19.9876532Z'
  ERROR: Build asset version error: assets/tests/playmode/ai_test.cs in SourceAssetDB has modification time of '2025-04-29T06:58:12.906501Z' while content on disk has modification time of '2025-04-29T06:58:19.9876532Z'
Number of updated asset objects reloaded before import = 0
Number of asset objects unloaded after import = 0
========================================================================
Received Import Request.
  Time since last request: 0.002381 seconds.
  path: Assets/Tests/PlayMode/AI_Test.cs
  artifactKey: Guid(52171b06e05f3ab4ea34a70153b6e37d) Importer(815301076,1909f56bfc062723c751e8b465ee728b)
Start importing Assets/Tests/PlayMode/AI_Test.cs using Guid(52171b06e05f3ab4ea34a70153b6e37d) Importer(815301076,1909f56bfc062723c751e8b465ee728b) [PhysX] Initialized MultithreadedTaskDispatcher with 6 workers.
 -> (artifact id: '00000000000000000000000000000000') in 0.000400 seconds
Import Error Code:(4)
Message: Build asset version error: assets/tests/playmode/ai_test.cs in SourceAssetDB has modification time of '2025-04-29T06:58:12.906501Z' while content on disk has modification time of '2025-04-29T06:58:19.9876532Z'
  ERROR: Build asset version error: assets/tests/playmode/ai_test.cs in SourceAssetDB has modification time of '2025-04-29T06:58:12.906501Z' while content on disk has modification time of '2025-04-29T06:58:19.9876532Z'
Number of updated asset objects reloaded before import = 0
Number of asset objects unloaded after import = 0
========================================================================
Received Import Request.
  Time since last request: 0.002268 seconds.
  path: Assets/Tests/PlayMode/AI_Test.cs
  artifactKey: Guid(52171b06e05f3ab4ea34a70153b6e37d) Importer(815301076,1909f56bfc062723c751e8b465ee728b)
Start importing Assets/Tests/PlayMode/AI_Test.cs using Guid(52171b06e05f3ab4ea34a70153b6e37d) Importer(815301076,1909f56bfc062723c751e8b465ee728b) [PhysX] Initialized MultithreadedTaskDispatcher with 6 workers.
 -> (artifact id: '00000000000000000000000000000000') in 0.000352 seconds
Import Error Code:(4)
Message: Build asset version error: assets/tests/playmode/ai_test.cs in SourceAssetDB has modification time of '2025-04-29T06:58:12.906501Z' while content on disk has modification time of '2025-04-29T06:58:19.9876532Z'
  ERROR: Build asset version error: assets/tests/playmode/ai_test.cs in SourceAssetDB has modification time of '2025-04-29T06:58:12.906501Z' while content on disk has modification time of '2025-04-29T06:58:19.9876532Z'
Number of updated asset objects reloaded before import = 0
Number of asset objects unloaded after import = 0
========================================================================
Received Import Request.
  Time since last request: 0.001899 seconds.
  path: Assets/Tests/PlayMode/AI_Test.cs
  artifactKey: Guid(52171b06e05f3ab4ea34a70153b6e37d) Importer(815301076,1909f56bfc062723c751e8b465ee728b)
Start importing Assets/Tests/PlayMode/AI_Test.cs using Guid(52171b06e05f3ab4ea34a70153b6e37d) Importer(815301076,1909f56bfc062723c751e8b465ee728b) [PhysX] Initialized MultithreadedTaskDispatcher with 6 workers.
 -> (artifact id: '00000000000000000000000000000000') in 0.000414 seconds
Import Error Code:(4)
Message: Build asset version error: assets/tests/playmode/ai_test.cs in SourceAssetDB has modification time of '2025-04-29T06:58:12.906501Z' while content on disk has modification time of '2025-04-29T06:58:19.9876532Z'
  ERROR: Build asset version error: assets/tests/playmode/ai_test.cs in SourceAssetDB has modification time of '2025-04-29T06:58:12.906501Z' while content on disk has modification time of '2025-04-29T06:58:19.9876532Z'
Number of updated asset objects reloaded before import = 0
Number of asset objects unloaded after import = 0
========================================================================
Received Import Request.
  Time since last request: 0.001983 seconds.
  path: Assets/Tests/PlayMode/AI_Test.cs
  artifactKey: Guid(52171b06e05f3ab4ea34a70153b6e37d) Importer(815301076,1909f56bfc062723c751e8b465ee728b)
Start importing Assets/Tests/PlayMode/AI_Test.cs using Guid(52171b06e05f3ab4ea34a70153b6e37d) Importer(815301076,1909f56bfc062723c751e8b465ee728b) [PhysX] Initialized MultithreadedTaskDispatcher with 6 workers.
 -> (artifact id: '00000000000000000000000000000000') in 0.000400 seconds
Import Error Code:(4)
Message: Build asset version error: assets/tests/playmode/ai_test.cs in SourceAssetDB has modification time of '2025-04-29T06:58:12.906501Z' while content on disk has modification time of '2025-04-29T06:58:19.9876532Z'
  ERROR: Build asset version error: assets/tests/playmode/ai_test.cs in SourceAssetDB has modification time of '2025-04-29T06:58:12.906501Z' while content on disk has modification time of '2025-04-29T06:58:19.9876532Z'
Number of updated asset objects reloaded before import = 0
Number of asset objects unloaded after import = 0
========================================================================
Received Import Request.
  Time since last request: 0.002174 seconds.
  path: Assets/Tests/PlayMode/AI_Test.cs
  artifactKey: Guid(52171b06e05f3ab4ea34a70153b6e37d) Importer(815301076,1909f56bfc062723c751e8b465ee728b)
Start importing Assets/Tests/PlayMode/AI_Test.cs using Guid(52171b06e05f3ab4ea34a70153b6e37d) Importer(815301076,1909f56bfc062723c751e8b465ee728b) [PhysX] Initialized MultithreadedTaskDispatcher with 6 workers.
 -> (artifact id: '00000000000000000000000000000000') in 0.000353 seconds
Import Error Code:(4)
Message: Build asset version error: assets/tests/playmode/ai_test.cs in SourceAssetDB has modification time of '2025-04-29T06:58:12.906501Z' while content on disk has modification time of '2025-04-29T06:58:19.9876532Z'
  ERROR: Build asset version error: assets/tests/playmode/ai_test.cs in SourceAssetDB has modification time of '2025-04-29T06:58:12.906501Z' while content on disk has modification time of '2025-04-29T06:58:19.9876532Z'
Number of updated asset objects reloaded before import = 0
Number of asset objects unloaded after import = 0
========================================================================
Received Import Request.
  Time since last request: 0.002339 seconds.
  path: Assets/Tests/PlayMode/AI_Test.cs
  artifactKey: Guid(52171b06e05f3ab4ea34a70153b6e37d) Importer(815301076,1909f56bfc062723c751e8b465ee728b)
Start importing Assets/Tests/PlayMode/AI_Test.cs using Guid(52171b06e05f3ab4ea34a70153b6e37d) Importer(815301076,1909f56bfc062723c751e8b465ee728b) [PhysX] Initialized MultithreadedTaskDispatcher with 6 workers.
 -> (artifact id: '00000000000000000000000000000000') in 0.000338 seconds
Import Error Code:(4)
Message: Build asset version error: assets/tests/playmode/ai_test.cs in SourceAssetDB has modification time of '2025-04-29T06:58:12.906501Z' while content on disk has modification time of '2025-04-29T06:58:19.9876532Z'
  ERROR: Build asset version error: assets/tests/playmode/ai_test.cs in SourceAssetDB has modification time of '2025-04-29T06:58:12.906501Z' while content on disk has modification time of '2025-04-29T06:58:19.9876532Z'
Number of updated asset objects reloaded before import = 0
Number of asset objects unloaded after import = 0
========================================================================
Received Import Request.
  Time since last request: 0.001956 seconds.
  path: Assets/Tests/PlayMode/AI_Test.cs
  artifactKey: Guid(52171b06e05f3ab4ea34a70153b6e37d) Importer(815301076,1909f56bfc062723c751e8b465ee728b)
Start importing Assets/Tests/PlayMode/AI_Test.cs using Guid(52171b06e05f3ab4ea34a70153b6e37d) Importer(815301076,1909f56bfc062723c751e8b465ee728b) [PhysX] Initialized MultithreadedTaskDispatcher with 6 workers.
 -> (artifact id: '00000000000000000000000000000000') in 0.000352 seconds
Import Error Code:(4)
Message: Build asset version error: assets/tests/playmode/ai_test.cs in SourceAssetDB has modification time of '2025-04-29T06:58:12.906501Z' while content on disk has modification time of '2025-04-29T06:58:19.9876532Z'
  ERROR: Build asset version error: assets/tests/playmode/ai_test.cs in SourceAssetDB has modification time of '2025-04-29T06:58:12.906501Z' while content on disk has modification time of '2025-04-29T06:58:19.9876532Z'
Number of updated asset objects reloaded before import = 0
Number of asset objects unloaded after import = 0
========================================================================
Received Import Request.
  Time since last request: 0.010274 seconds.
  path: Assets/Tests/PlayMode/AI_Test.cs
  artifactKey: Guid(52171b06e05f3ab4ea34a70153b6e37d) Importer(815301076,1909f56bfc062723c751e8b465ee728b)
Start importing Assets/Tests/PlayMode/AI_Test.cs using Guid(52171b06e05f3ab4ea34a70153b6e37d) Importer(815301076,1909f56bfc062723c751e8b465ee728b) [PhysX] Initialized MultithreadedTaskDispatcher with 6 workers.
 -> (artifact id: '00000000000000000000000000000000') in 0.000417 seconds
Import Error Code:(4)
Message: Build asset version error: assets/tests/playmode/ai_test.cs in SourceAssetDB has modification time of '2025-04-29T06:58:12.906501Z' while content on disk has modification time of '2025-04-29T06:58:19.9876532Z'
  ERROR: Build asset version error: assets/tests/playmode/ai_test.cs in SourceAssetDB has modification time of '2025-04-29T06:58:12.906501Z' while content on disk has modification time of '2025-04-29T06:58:19.9876532Z'
Number of updated asset objects reloaded before import = 0
Number of asset objects unloaded after import = 0
========================================================================
Received Import Request.
  Time since last request: 0.001996 seconds.
  path: Assets/Tests/PlayMode/AI_Test.cs
  artifactKey: Guid(52171b06e05f3ab4ea34a70153b6e37d) Importer(815301076,1909f56bfc062723c751e8b465ee728b)
Start importing Assets/Tests/PlayMode/AI_Test.cs using Guid(52171b06e05f3ab4ea34a70153b6e37d) Importer(815301076,1909f56bfc062723c751e8b465ee728b) [PhysX] Initialized MultithreadedTaskDispatcher with 6 workers.
 -> (artifact id: '00000000000000000000000000000000') in 0.000336 seconds
Import Error Code:(4)
Message: Build asset version error: assets/tests/playmode/ai_test.cs in SourceAssetDB has modification time of '2025-04-29T06:58:12.906501Z' while content on disk has modification time of '2025-04-29T06:58:19.9876532Z'
  ERROR: Build asset version error: assets/tests/playmode/ai_test.cs in SourceAssetDB has modification time of '2025-04-29T06:58:12.906501Z' while content on disk has modification time of '2025-04-29T06:58:19.9876532Z'
Number of updated asset objects reloaded before import = 0
Number of asset objects unloaded after import = 0
========================================================================
Received Import Request.
  Time since last request: 0.002480 seconds.
  path: Assets/Tests/PlayMode/AI_Test.cs
  artifactKey: Guid(52171b06e05f3ab4ea34a70153b6e37d) Importer(815301076,1909f56bfc062723c751e8b465ee728b)
Start importing Assets/Tests/PlayMode/AI_Test.cs using Guid(52171b06e05f3ab4ea34a70153b6e37d) Importer(815301076,1909f56bfc062723c751e8b465ee728b) [PhysX] Initialized MultithreadedTaskDispatcher with 6 workers.
 -> (artifact id: '00000000000000000000000000000000') in 0.000354 seconds
Import Error Code:(4)
Message: Build asset version error: assets/tests/playmode/ai_test.cs in SourceAssetDB has modification time of '2025-04-29T06:58:12.906501Z' while content on disk has modification time of '2025-04-29T06:58:19.9876532Z'
  ERROR: Build asset version error: assets/tests/playmode/ai_test.cs in SourceAssetDB has modification time of '2025-04-29T06:58:12.906501Z' while content on disk has modification time of '2025-04-29T06:58:19.9876532Z'
Number of updated asset objects reloaded before import = 0
Number of asset objects unloaded after import = 0
========================================================================
Received Import Request.
  Time since last request: 0.001576 seconds.
  path: Assets/Tests/PlayMode/AI_Test.cs
  artifactKey: Guid(52171b06e05f3ab4ea34a70153b6e37d) Importer(815301076,1909f56bfc062723c751e8b465ee728b)
Start importing Assets/Tests/PlayMode/AI_Test.cs using Guid(52171b06e05f3ab4ea34a70153b6e37d) Importer(815301076,1909f56bfc062723c751e8b465ee728b) [PhysX] Initialized MultithreadedTaskDispatcher with 6 workers.
 -> (artifact id: '00000000000000000000000000000000') in 0.000333 seconds
Import Error Code:(4)
Message: Build asset version error: assets/tests/playmode/ai_test.cs in SourceAssetDB has modification time of '2025-04-29T06:58:12.906501Z' while content on disk has modification time of '2025-04-29T06:58:19.9876532Z'
  ERROR: Build asset version error: assets/tests/playmode/ai_test.cs in SourceAssetDB has modification time of '2025-04-29T06:58:12.906501Z' while content on disk has modification time of '2025-04-29T06:58:19.9876532Z'
Number of updated asset objects reloaded before import = 0
Number of asset objects unloaded after import = 0
========================================================================
Received Import Request.
  Time since last request: 0.001328 seconds.
  path: Assets/Tests/PlayMode/AI_Test.cs
  artifactKey: Guid(52171b06e05f3ab4ea34a70153b6e37d) Importer(815301076,1909f56bfc062723c751e8b465ee728b)
Start importing Assets/Tests/PlayMode/AI_Test.cs using Guid(52171b06e05f3ab4ea34a70153b6e37d) Importer(815301076,1909f56bfc062723c751e8b465ee728b) [PhysX] Initialized MultithreadedTaskDispatcher with 6 workers.
 -> (artifact id: '00000000000000000000000000000000') in 0.000363 seconds
Import Error Code:(4)
Message: Build asset version error: assets/tests/playmode/ai_test.cs in SourceAssetDB has modification time of '2025-04-29T06:58:12.906501Z' while content on disk has modification time of '2025-04-29T06:58:19.9876532Z'
  ERROR: Build asset version error: assets/tests/playmode/ai_test.cs in SourceAssetDB has modification time of '2025-04-29T06:58:12.906501Z' while content on disk has modification time of '2025-04-29T06:58:19.9876532Z'
Number of updated asset objects reloaded before import = 0
Number of asset objects unloaded after import = 0
========================================================================
Received Import Request.
  Time since last request: 0.001348 seconds.
  path: Assets/Tests/PlayMode/AI_Test.cs
  artifactKey: Guid(52171b06e05f3ab4ea34a70153b6e37d) Importer(815301076,1909f56bfc062723c751e8b465ee728b)
Start importing Assets/Tests/PlayMode/AI_Test.cs using Guid(52171b06e05f3ab4ea34a70153b6e37d) Importer(815301076,1909f56bfc062723c751e8b465ee728b) [PhysX] Initialized MultithreadedTaskDispatcher with 6 workers.
 -> (artifact id: '00000000000000000000000000000000') in 0.000349 seconds
Import Error Code:(4)
Message: Build asset version error: assets/tests/playmode/ai_test.cs in SourceAssetDB has modification time of '2025-04-29T06:58:12.906501Z' while content on disk has modification time of '2025-04-29T06:58:19.9876532Z'
  ERROR: Build asset version error: assets/tests/playmode/ai_test.cs in SourceAssetDB has modification time of '2025-04-29T06:58:12.906501Z' while content on disk has modification time of '2025-04-29T06:58:19.9876532Z'
Number of updated asset objects reloaded before import = 0
Number of asset objects unloaded after import = 0
========================================================================
Received Import Request.
  Time since last request: 0.001554 seconds.
  path: Assets/Tests/PlayMode/AI_Test.cs
  artifactKey: Guid(52171b06e05f3ab4ea34a70153b6e37d) Importer(815301076,1909f56bfc062723c751e8b465ee728b)
Start importing Assets/Tests/PlayMode/AI_Test.cs using Guid(52171b06e05f3ab4ea34a70153b6e37d) Importer(815301076,1909f56bfc062723c751e8b465ee728b) [PhysX] Initialized MultithreadedTaskDispatcher with 6 workers.
 -> (artifact id: '00000000000000000000000000000000') in 0.000429 seconds
Import Error Code:(4)
Message: Build asset version error: assets/tests/playmode/ai_test.cs in SourceAssetDB has modification time of '2025-04-29T06:58:12.906501Z' while content on disk has modification time of '2025-04-29T06:58:19.9876532Z'
  ERROR: Build asset version error: assets/tests/playmode/ai_test.cs in SourceAssetDB has modification time of '2025-04-29T06:58:12.906501Z' while content on disk has modification time of '2025-04-29T06:58:19.9876532Z'
Number of updated asset objects reloaded before import = 0
Number of asset objects unloaded after import = 0
========================================================================
Received Import Request.
  Time since last request: 0.001345 seconds.
  path: Assets/Tests/PlayMode/AI_Test.cs
  artifactKey: Guid(52171b06e05f3ab4ea34a70153b6e37d) Importer(815301076,1909f56bfc062723c751e8b465ee728b)
Start importing Assets/Tests/PlayMode/AI_Test.cs using Guid(52171b06e05f3ab4ea34a70153b6e37d) Importer(815301076,1909f56bfc062723c751e8b465ee728b) [PhysX] Initialized MultithreadedTaskDispatcher with 6 workers.
 -> (artifact id: '00000000000000000000000000000000') in 0.000355 seconds
Import Error Code:(4)
Message: Build asset version error: assets/tests/playmode/ai_test.cs in SourceAssetDB has modification time of '2025-04-29T06:58:12.906501Z' while content on disk has modification time of '2025-04-29T06:58:19.9876532Z'
  ERROR: Build asset version error: assets/tests/playmode/ai_test.cs in SourceAssetDB has modification time of '2025-04-29T06:58:12.906501Z' while content on disk has modification time of '2025-04-29T06:58:19.9876532Z'
Number of updated asset objects reloaded before import = 0
Number of asset objects unloaded after import = 0
========================================================================
Received Import Request.
  Time since last request: 0.001364 seconds.
  path: Assets/Tests/PlayMode/AI_Test.cs
  artifactKey: Guid(52171b06e05f3ab4ea34a70153b6e37d) Importer(815301076,1909f56bfc062723c751e8b465ee728b)
Start importing Assets/Tests/PlayMode/AI_Test.cs using Guid(52171b06e05f3ab4ea34a70153b6e37d) Importer(815301076,1909f56bfc062723c751e8b465ee728b) [PhysX] Initialized MultithreadedTaskDispatcher with 6 workers.
 -> (artifact id: '00000000000000000000000000000000') in 0.000354 seconds
Import Error Code:(4)
Message: Build asset version error: assets/tests/playmode/ai_test.cs in SourceAssetDB has modification time of '2025-04-29T06:58:12.906501Z' while content on disk has modification time of '2025-04-29T06:58:19.9876532Z'
  ERROR: Build asset version error: assets/tests/playmode/ai_test.cs in SourceAssetDB has modification time of '2025-04-29T06:58:12.906501Z' while content on disk has modification time of '2025-04-29T06:58:19.9876532Z'
Number of updated asset objects reloaded before import = 0
Number of asset objects unloaded after import = 0
========================================================================
Received Import Request.
  Time since last request: 0.001558 seconds.
  path: Assets/Tests/PlayMode/AI_Test.cs
  artifactKey: Guid(52171b06e05f3ab4ea34a70153b6e37d) Importer(815301076,1909f56bfc062723c751e8b465ee728b)
Start importing Assets/Tests/PlayMode/AI_Test.cs using Guid(52171b06e05f3ab4ea34a70153b6e37d) Importer(815301076,1909f56bfc062723c751e8b465ee728b) [PhysX] Initialized MultithreadedTaskDispatcher with 6 workers.
 -> (artifact id: '00000000000000000000000000000000') in 0.000333 seconds
Import Error Code:(4)
Message: Build asset version error: assets/tests/playmode/ai_test.cs in SourceAssetDB has modification time of '2025-04-29T06:58:12.906501Z' while content on disk has modification time of '2025-04-29T06:58:19.9876532Z'
  ERROR: Build asset version error: assets/tests/playmode/ai_test.cs in SourceAssetDB has modification time of '2025-04-29T06:58:12.906501Z' while content on disk has modification time of '2025-04-29T06:58:19.9876532Z'
Number of updated asset objects reloaded before import = 0
Number of asset objects unloaded after import = 0
========================================================================
Received Import Request.
  Time since last request: 0.001399 seconds.
  path: Assets/Tests/PlayMode/AI_Test.cs
  artifactKey: Guid(52171b06e05f3ab4ea34a70153b6e37d) Importer(815301076,1909f56bfc062723c751e8b465ee728b)
Start importing Assets/Tests/PlayMode/AI_Test.cs using Guid(52171b06e05f3ab4ea34a70153b6e37d) Importer(815301076,1909f56bfc062723c751e8b465ee728b) [PhysX] Initialized MultithreadedTaskDispatcher with 6 workers.
 -> (artifact id: '00000000000000000000000000000000') in 0.000364 seconds
Import Error Code:(4)
Message: Build asset version error: assets/tests/playmode/ai_test.cs in SourceAssetDB has modification time of '2025-04-29T06:58:12.906501Z' while content on disk has modification time of '2025-04-29T06:58:19.9876532Z'
  ERROR: Build asset version error: assets/tests/playmode/ai_test.cs in SourceAssetDB has modification time of '2025-04-29T06:58:12.906501Z' while content on disk has modification time of '2025-04-29T06:58:19.9876532Z'
Number of updated asset objects reloaded before import = 0
Number of asset objects unloaded after import = 0
========================================================================
Received Import Request.
  Time since last request: 0.001157 seconds.
  path: Assets/Tests/PlayMode/AI_Test.cs
  artifactKey: Guid(52171b06e05f3ab4ea34a70153b6e37d) Importer(815301076,1909f56bfc062723c751e8b465ee728b)
Start importing Assets/Tests/PlayMode/AI_Test.cs using Guid(52171b06e05f3ab4ea34a70153b6e37d) Importer(815301076,1909f56bfc062723c751e8b465ee728b) [PhysX] Initialized MultithreadedTaskDispatcher with 6 workers.
 -> (artifact id: '00000000000000000000000000000000') in 0.000402 seconds
Import Error Code:(4)
Message: Build asset version error: assets/tests/playmode/ai_test.cs in SourceAssetDB has modification time of '2025-04-29T06:58:12.906501Z' while content on disk has modification time of '2025-04-29T06:58:19.9876532Z'
  ERROR: Build asset version error: assets/tests/playmode/ai_test.cs in SourceAssetDB has modification time of '2025-04-29T06:58:12.906501Z' while content on disk has modification time of '2025-04-29T06:58:19.9876532Z'
Number of updated asset objects reloaded before import = 0
Number of asset objects unloaded after import = 0
========================================================================
Received Import Request.
  Time since last request: 0.001524 seconds.
  path: Assets/Tests/PlayMode/AI_Test.cs
  artifactKey: Guid(52171b06e05f3ab4ea34a70153b6e37d) Importer(815301076,1909f56bfc062723c751e8b465ee728b)
Start importing Assets/Tests/PlayMode/AI_Test.cs using Guid(52171b06e05f3ab4ea34a70153b6e37d) Importer(815301076,1909f56bfc062723c751e8b465ee728b) [PhysX] Initialized MultithreadedTaskDispatcher with 6 workers.
 -> (artifact id: '00000000000000000000000000000000') in 0.000345 seconds
Import Error Code:(4)
Message: Build asset version error: assets/tests/playmode/ai_test.cs in SourceAssetDB has modification time of '2025-04-29T06:58:12.906501Z' while content on disk has modification time of '2025-04-29T06:58:19.9876532Z'
  ERROR: Build asset version error: assets/tests/playmode/ai_test.cs in SourceAssetDB has modification time of '2025-04-29T06:58:12.906501Z' while content on disk has modification time of '2025-04-29T06:58:19.9876532Z'
Number of updated asset objects reloaded before import = 0
Number of asset objects unloaded after import = 0
========================================================================
Received Import Request.
  Time since last request: 0.001517 seconds.
  path: Assets/Tests/PlayMode/AI_Test.cs
  artifactKey: Guid(52171b06e05f3ab4ea34a70153b6e37d) Importer(815301076,1909f56bfc062723c751e8b465ee728b)
Start importing Assets/Tests/PlayMode/AI_Test.cs using Guid(52171b06e05f3ab4ea34a70153b6e37d) Importer(815301076,1909f56bfc062723c751e8b465ee728b) [PhysX] Initialized MultithreadedTaskDispatcher with 6 workers.
 -> (artifact id: '00000000000000000000000000000000') in 0.000330 seconds
Import Error Code:(4)
Message: Build asset version error: assets/tests/playmode/ai_test.cs in SourceAssetDB has modification time of '2025-04-29T06:58:12.906501Z' while content on disk has modification time of '2025-04-29T06:58:19.9876532Z'
  ERROR: Build asset version error: assets/tests/playmode/ai_test.cs in SourceAssetDB has modification time of '2025-04-29T06:58:12.906501Z' while content on disk has modification time of '2025-04-29T06:58:19.9876532Z'
Number of updated asset objects reloaded before import = 0
Number of asset objects unloaded after import = 0
========================================================================
Received Import Request.
  Time since last request: 0.001527 seconds.
  path: Assets/Tests/PlayMode/AI_Test.cs
  artifactKey: Guid(52171b06e05f3ab4ea34a70153b6e37d) Importer(815301076,1909f56bfc062723c751e8b465ee728b)
Start importing Assets/Tests/PlayMode/AI_Test.cs using Guid(52171b06e05f3ab4ea34a70153b6e37d) Importer(815301076,1909f56bfc062723c751e8b465ee728b) [PhysX] Initialized MultithreadedTaskDispatcher with 6 workers.
 -> (artifact id: '00000000000000000000000000000000') in 0.000345 seconds
Import Error Code:(4)
Message: Build asset version error: assets/tests/playmode/ai_test.cs in SourceAssetDB has modification time of '2025-04-29T06:58:12.906501Z' while content on disk has modification time of '2025-04-29T06:58:19.9876532Z'
  ERROR: Build asset version error: assets/tests/playmode/ai_test.cs in SourceAssetDB has modification time of '2025-04-29T06:58:12.906501Z' while content on disk has modification time of '2025-04-29T06:58:19.9876532Z'
Number of updated asset objects reloaded before import = 0
Number of asset objects unloaded after import = 0
========================================================================
Received Import Request.
  Time since last request: 0.001081 seconds.
  path: Assets/Tests/PlayMode/AI_Test.cs
  artifactKey: Guid(52171b06e05f3ab4ea34a70153b6e37d) Importer(815301076,1909f56bfc062723c751e8b465ee728b)
Start importing Assets/Tests/PlayMode/AI_Test.cs using Guid(52171b06e05f3ab4ea34a70153b6e37d) Importer(815301076,1909f56bfc062723c751e8b465ee728b) [PhysX] Initialized MultithreadedTaskDispatcher with 6 workers.
 -> (artifact id: '00000000000000000000000000000000') in 0.000386 seconds
Import Error Code:(4)
Message: Build asset version error: assets/tests/playmode/ai_test.cs in SourceAssetDB has modification time of '2025-04-29T06:58:12.906501Z' while content on disk has modification time of '2025-04-29T06:58:19.9876532Z'
  ERROR: Build asset version error: assets/tests/playmode/ai_test.cs in SourceAssetDB has modification time of '2025-04-29T06:58:12.906501Z' while content on disk has modification time of '2025-04-29T06:58:19.9876532Z'
Number of updated asset objects reloaded before import = 0
Number of asset objects unloaded after import = 0
========================================================================
Received Import Request.
  Time since last request: 0.001011 seconds.
  path: Assets/Tests/PlayMode/AI_Test.cs
  artifactKey: Guid(52171b06e05f3ab4ea34a70153b6e37d) Importer(815301076,1909f56bfc062723c751e8b465ee728b)
Start importing Assets/Tests/PlayMode/AI_Test.cs using Guid(52171b06e05f3ab4ea34a70153b6e37d) Importer(815301076,1909f56bfc062723c751e8b465ee728b) [PhysX] Initialized MultithreadedTaskDispatcher with 6 workers.
 -> (artifact id: '00000000000000000000000000000000') in 0.000347 seconds
Import Error Code:(4)
Message: Build asset version error: assets/tests/playmode/ai_test.cs in SourceAssetDB has modification time of '2025-04-29T06:58:12.906501Z' while content on disk has modification time of '2025-04-29T06:58:19.9876532Z'
  ERROR: Build asset version error: assets/tests/playmode/ai_test.cs in SourceAssetDB has modification time of '2025-04-29T06:58:12.906501Z' while content on disk has modification time of '2025-04-29T06:58:19.9876532Z'
Number of updated asset objects reloaded before import = 0
Number of asset objects unloaded after import = 0
========================================================================
Received Import Request.
  Time since last request: 0.001393 seconds.
  path: Assets/Tests/PlayMode/AI_Test.cs
  artifactKey: Guid(52171b06e05f3ab4ea34a70153b6e37d) Importer(815301076,1909f56bfc062723c751e8b465ee728b)
Start importing Assets/Tests/PlayMode/AI_Test.cs using Guid(52171b06e05f3ab4ea34a70153b6e37d) Importer(815301076,1909f56bfc062723c751e8b465ee728b) [PhysX] Initialized MultithreadedTaskDispatcher with 6 workers.
 -> (artifact id: '00000000000000000000000000000000') in 0.000379 seconds
Import Error Code:(4)
Message: Build asset version error: assets/tests/playmode/ai_test.cs in SourceAssetDB has modification time of '2025-04-29T06:58:12.906501Z' while content on disk has modification time of '2025-04-29T06:58:19.9876532Z'
  ERROR: Build asset version error: assets/tests/playmode/ai_test.cs in SourceAssetDB has modification time of '2025-04-29T06:58:12.906501Z' while content on disk has modification time of '2025-04-29T06:58:19.9876532Z'
Number of updated asset objects reloaded before import = 0
Number of asset objects unloaded after import = 0
========================================================================
Received Import Request.
  Time since last request: 0.001479 seconds.
  path: Assets/Tests/PlayMode/AI_Test.cs
  artifactKey: Guid(52171b06e05f3ab4ea34a70153b6e37d) Importer(815301076,1909f56bfc062723c751e8b465ee728b)
Start importing Assets/Tests/PlayMode/AI_Test.cs using Guid(52171b06e05f3ab4ea34a70153b6e37d) Importer(815301076,1909f56bfc062723c751e8b465ee728b) [PhysX] Initialized MultithreadedTaskDispatcher with 6 workers.
 -> (artifact id: '00000000000000000000000000000000') in 0.000362 seconds
Import Error Code:(4)
Message: Build asset version error: assets/tests/playmode/ai_test.cs in SourceAssetDB has modification time of '2025-04-29T06:58:12.906501Z' while content on disk has modification time of '2025-04-29T06:58:19.9876532Z'
  ERROR: Build asset version error: assets/tests/playmode/ai_test.cs in SourceAssetDB has modification time of '2025-04-29T06:58:12.906501Z' while content on disk has modification time of '2025-04-29T06:58:19.9876532Z'
Number of updated asset objects reloaded before import = 0
Number of asset objects unloaded after import = 0
========================================================================
Received Import Request.
  Time since last request: 0.001486 seconds.
  path: Assets/Tests/PlayMode/AI_Test.cs
  artifactKey: Guid(52171b06e05f3ab4ea34a70153b6e37d) Importer(815301076,1909f56bfc062723c751e8b465ee728b)
Start importing Assets/Tests/PlayMode/AI_Test.cs using Guid(52171b06e05f3ab4ea34a70153b6e37d) Importer(815301076,1909f56bfc062723c751e8b465ee728b) [PhysX] Initialized MultithreadedTaskDispatcher with 6 workers.
 -> (artifact id: '00000000000000000000000000000000') in 0.000360 seconds
Import Error Code:(4)
Message: Build asset version error: assets/tests/playmode/ai_test.cs in SourceAssetDB has modification time of '2025-04-29T06:58:12.906501Z' while content on disk has modification time of '2025-04-29T06:58:19.9876532Z'
  ERROR: Build asset version error: assets/tests/playmode/ai_test.cs in SourceAssetDB has modification time of '2025-04-29T06:58:12.906501Z' while content on disk has modification time of '2025-04-29T06:58:19.9876532Z'
Number of updated asset objects reloaded before import = 0
Number of asset objects unloaded after import = 0
========================================================================
Received Import Request.
  Time since last request: 0.001171 seconds.
  path: Assets/Tests/PlayMode/AI_Test.cs
  artifactKey: Guid(52171b06e05f3ab4ea34a70153b6e37d) Importer(815301076,1909f56bfc062723c751e8b465ee728b)
Start importing Assets/Tests/PlayMode/AI_Test.cs using Guid(52171b06e05f3ab4ea34a70153b6e37d) Importer(815301076,1909f56bfc062723c751e8b465ee728b) [PhysX] Initialized MultithreadedTaskDispatcher with 6 workers.
 -> (artifact id: '00000000000000000000000000000000') in 0.000340 seconds
Import Error Code:(4)
Message: Build asset version error: assets/tests/playmode/ai_test.cs in SourceAssetDB has modification time of '2025-04-29T06:58:12.906501Z' while content on disk has modification time of '2025-04-29T06:58:19.9876532Z'
  ERROR: Build asset version error: assets/tests/playmode/ai_test.cs in SourceAssetDB has modification time of '2025-04-29T06:58:12.906501Z' while content on disk has modification time of '2025-04-29T06:58:19.9876532Z'
Number of updated asset objects reloaded before import = 0
Number of asset objects unloaded after import = 0
========================================================================
Received Import Request.
  Time since last request: 0.001517 seconds.
  path: Assets/Tests/PlayMode/AI_Test.cs
  artifactKey: Guid(52171b06e05f3ab4ea34a70153b6e37d) Importer(815301076,1909f56bfc062723c751e8b465ee728b)
Start importing Assets/Tests/PlayMode/AI_Test.cs using Guid(52171b06e05f3ab4ea34a70153b6e37d) Importer(815301076,1909f56bfc062723c751e8b465ee728b) [PhysX] Initialized MultithreadedTaskDispatcher with 6 workers.
 -> (artifact id: '00000000000000000000000000000000') in 0.000333 seconds
Import Error Code:(4)
Message: Build asset version error: assets/tests/playmode/ai_test.cs in SourceAssetDB has modification time of '2025-04-29T06:58:12.906501Z' while content on disk has modification time of '2025-04-29T06:58:19.9876532Z'
  ERROR: Build asset version error: assets/tests/playmode/ai_test.cs in SourceAssetDB has modification time of '2025-04-29T06:58:12.906501Z' while content on disk has modification time of '2025-04-29T06:58:19.9876532Z'
Number of updated asset objects reloaded before import = 0
Number of asset objects unloaded after import = 0
========================================================================
Received Import Request.
  Time since last request: 0.001530 seconds.
  path: Assets/Tests/PlayMode/AI_Test.cs
  artifactKey: Guid(52171b06e05f3ab4ea34a70153b6e37d) Importer(815301076,1909f56bfc062723c751e8b465ee728b)
Start importing Assets/Tests/PlayMode/AI_Test.cs using Guid(52171b06e05f3ab4ea34a70153b6e37d) Importer(815301076,1909f56bfc062723c751e8b465ee728b) [PhysX] Initialized MultithreadedTaskDispatcher with 6 workers.
 -> (artifact id: '00000000000000000000000000000000') in 0.000420 seconds
Import Error Code:(4)
Message: Build asset version error: assets/tests/playmode/ai_test.cs in SourceAssetDB has modification time of '2025-04-29T06:58:12.906501Z' while content on disk has modification time of '2025-04-29T06:58:19.9876532Z'
  ERROR: Build asset version error: assets/tests/playmode/ai_test.cs in SourceAssetDB has modification time of '2025-04-29T06:58:12.906501Z' while content on disk has modification time of '2025-04-29T06:58:19.9876532Z'
Number of updated asset objects reloaded before import = 0
Number of asset objects unloaded after import = 0
========================================================================
Received Import Request.
  Time since last request: 0.001621 seconds.
  path: Assets/Tests/PlayMode/AI_Test.cs
  artifactKey: Guid(52171b06e05f3ab4ea34a70153b6e37d) Importer(815301076,1909f56bfc062723c751e8b465ee728b)
Start importing Assets/Tests/PlayMode/AI_Test.cs using Guid(52171b06e05f3ab4ea34a70153b6e37d) Importer(815301076,1909f56bfc062723c751e8b465ee728b) [PhysX] Initialized MultithreadedTaskDispatcher with 6 workers.
 -> (artifact id: '00000000000000000000000000000000') in 0.000362 seconds
Import Error Code:(4)
Message: Build asset version error: assets/tests/playmode/ai_test.cs in SourceAssetDB has modification time of '2025-04-29T06:58:12.906501Z' while content on disk has modification time of '2025-04-29T06:58:19.9876532Z'
  ERROR: Build asset version error: assets/tests/playmode/ai_test.cs in SourceAssetDB has modification time of '2025-04-29T06:58:12.906501Z' while content on disk has modification time of '2025-04-29T06:58:19.9876532Z'
Number of updated asset objects reloaded before import = 0
Number of asset objects unloaded after import = 0
========================================================================
Received Import Request.
  Time since last request: 0.001643 seconds.
  path: Assets/Tests/PlayMode/AI_Test.cs
  artifactKey: Guid(52171b06e05f3ab4ea34a70153b6e37d) Importer(815301076,1909f56bfc062723c751e8b465ee728b)
Start importing Assets/Tests/PlayMode/AI_Test.cs using Guid(52171b06e05f3ab4ea34a70153b6e37d) Importer(815301076,1909f56bfc062723c751e8b465ee728b) [PhysX] Initialized MultithreadedTaskDispatcher with 6 workers.
 -> (artifact id: '00000000000000000000000000000000') in 0.000335 seconds
Import Error Code:(4)
Message: Build asset version error: assets/tests/playmode/ai_test.cs in SourceAssetDB has modification time of '2025-04-29T06:58:12.906501Z' while content on disk has modification time of '2025-04-29T06:58:19.9876532Z'
  ERROR: Build asset version error: assets/tests/playmode/ai_test.cs in SourceAssetDB has modification time of '2025-04-29T06:58:12.906501Z' while content on disk has modification time of '2025-04-29T06:58:19.9876532Z'
Number of updated asset objects reloaded before import = 0
Number of asset objects unloaded after import = 0
========================================================================
Received Import Request.
  Time since last request: 0.001526 seconds.
  path: Assets/Tests/PlayMode/AI_Test.cs
  artifactKey: Guid(52171b06e05f3ab4ea34a70153b6e37d) Importer(815301076,1909f56bfc062723c751e8b465ee728b)
Start importing Assets/Tests/PlayMode/AI_Test.cs using Guid(52171b06e05f3ab4ea34a70153b6e37d) Importer(815301076,1909f56bfc062723c751e8b465ee728b) [PhysX] Initialized MultithreadedTaskDispatcher with 6 workers.
 -> (artifact id: '00000000000000000000000000000000') in 0.000331 seconds
Import Error Code:(4)
Message: Build asset version error: assets/tests/playmode/ai_test.cs in SourceAssetDB has modification time of '2025-04-29T06:58:12.906501Z' while content on disk has modification time of '2025-04-29T06:58:19.9876532Z'
  ERROR: Build asset version error: assets/tests/playmode/ai_test.cs in SourceAssetDB has modification time of '2025-04-29T06:58:12.906501Z' while content on disk has modification time of '2025-04-29T06:58:19.9876532Z'
Number of updated asset objects reloaded before import = 0
Number of asset objects unloaded after import = 0
========================================================================
Received Import Request.
  Time since last request: 0.001106 seconds.
  path: Assets/Tests/PlayMode/AI_Test.cs
  artifactKey: Guid(52171b06e05f3ab4ea34a70153b6e37d) Importer(815301076,1909f56bfc062723c751e8b465ee728b)
Start importing Assets/Tests/PlayMode/AI_Test.cs using Guid(52171b06e05f3ab4ea34a70153b6e37d) Importer(815301076,1909f56bfc062723c751e8b465ee728b) [PhysX] Initialized MultithreadedTaskDispatcher with 6 workers.
 -> (artifact id: '00000000000000000000000000000000') in 0.000339 seconds
Import Error Code:(4)
Message: Build asset version error: assets/tests/playmode/ai_test.cs in SourceAssetDB has modification time of '2025-04-29T06:58:12.906501Z' while content on disk has modification time of '2025-04-29T06:58:19.9876532Z'
  ERROR: Build asset version error: assets/tests/playmode/ai_test.cs in SourceAssetDB has modification time of '2025-04-29T06:58:12.906501Z' while content on disk has modification time of '2025-04-29T06:58:19.9876532Z'
Number of updated asset objects reloaded before import = 0
Number of asset objects unloaded after import = 0
========================================================================
Received Import Request.
  Time since last request: 0.001286 seconds.
  path: Assets/Tests/PlayMode/AI_Test.cs
  artifactKey: Guid(52171b06e05f3ab4ea34a70153b6e37d) Importer(815301076,1909f56bfc062723c751e8b465ee728b)
Start importing Assets/Tests/PlayMode/AI_Test.cs using Guid(52171b06e05f3ab4ea34a70153b6e37d) Importer(815301076,1909f56bfc062723c751e8b465ee728b) [PhysX] Initialized MultithreadedTaskDispatcher with 6 workers.
 -> (artifact id: '00000000000000000000000000000000') in 0.000460 seconds
Import Error Code:(4)
Message: Build asset version error: assets/tests/playmode/ai_test.cs in SourceAssetDB has modification time of '2025-04-29T06:58:12.906501Z' while content on disk has modification time of '2025-04-29T06:58:19.9876532Z'
  ERROR: Build asset version error: assets/tests/playmode/ai_test.cs in SourceAssetDB has modification time of '2025-04-29T06:58:12.906501Z' while content on disk has modification time of '2025-04-29T06:58:19.9876532Z'
Number of updated asset objects reloaded before import = 0
Number of asset objects unloaded after import = 0
========================================================================
Received Import Request.
  Time since last request: 0.001074 seconds.
  path: Assets/Tests/PlayMode/AI_Test.cs
  artifactKey: Guid(52171b06e05f3ab4ea34a70153b6e37d) Importer(815301076,1909f56bfc062723c751e8b465ee728b)
Start importing Assets/Tests/PlayMode/AI_Test.cs using Guid(52171b06e05f3ab4ea34a70153b6e37d) Importer(815301076,1909f56bfc062723c751e8b465ee728b) [PhysX] Initialized MultithreadedTaskDispatcher with 6 workers.
 -> (artifact id: '00000000000000000000000000000000') in 0.000368 seconds
Import Error Code:(4)
Message: Build asset version error: assets/tests/playmode/ai_test.cs in SourceAssetDB has modification time of '2025-04-29T06:58:12.906501Z' while content on disk has modification time of '2025-04-29T06:58:19.9876532Z'
  ERROR: Build asset version error: assets/tests/playmode/ai_test.cs in SourceAssetDB has modification time of '2025-04-29T06:58:12.906501Z' while content on disk has modification time of '2025-04-29T06:58:19.9876532Z'
Number of updated asset objects reloaded before import = 0
Number of asset objects unloaded after import = 0
========================================================================
Received Import Request.
  Time since last request: 0.000991 seconds.
  path: Assets/Tests/PlayMode/AI_Test.cs
  artifactKey: Guid(52171b06e05f3ab4ea34a70153b6e37d) Importer(815301076,1909f56bfc062723c751e8b465ee728b)
Start importing Assets/Tests/PlayMode/AI_Test.cs using Guid(52171b06e05f3ab4ea34a70153b6e37d) Importer(815301076,1909f56bfc062723c751e8b465ee728b) [PhysX] Initialized MultithreadedTaskDispatcher with 6 workers.
 -> (artifact id: '00000000000000000000000000000000') in 0.000354 seconds
Import Error Code:(4)
Message: Build asset version error: assets/tests/playmode/ai_test.cs in SourceAssetDB has modification time of '2025-04-29T06:58:12.906501Z' while content on disk has modification time of '2025-04-29T06:58:19.9876532Z'
  ERROR: Build asset version error: assets/tests/playmode/ai_test.cs in SourceAssetDB has modification time of '2025-04-29T06:58:12.906501Z' while content on disk has modification time of '2025-04-29T06:58:19.9876532Z'
Number of updated asset objects reloaded before import = 0
Number of asset objects unloaded after import = 0
========================================================================
Received Import Request.
  Time since last request: 0.001201 seconds.
  path: Assets/Tests/PlayMode/AI_Test.cs
  artifactKey: Guid(52171b06e05f3ab4ea34a70153b6e37d) Importer(815301076,1909f56bfc062723c751e8b465ee728b)
Start importing Assets/Tests/PlayMode/AI_Test.cs using Guid(52171b06e05f3ab4ea34a70153b6e37d) Importer(815301076,1909f56bfc062723c751e8b465ee728b) [PhysX] Initialized MultithreadedTaskDispatcher with 6 workers.
 -> (artifact id: '00000000000000000000000000000000') in 0.000341 seconds
Import Error Code:(4)
Message: Build asset version error: assets/tests/playmode/ai_test.cs in SourceAssetDB has modification time of '2025-04-29T06:58:12.906501Z' while content on disk has modification time of '2025-04-29T06:58:19.9876532Z'
  ERROR: Build asset version error: assets/tests/playmode/ai_test.cs in SourceAssetDB has modification time of '2025-04-29T06:58:12.906501Z' while content on disk has modification time of '2025-04-29T06:58:19.9876532Z'
Number of updated asset objects reloaded before import = 0
Number of asset objects unloaded after import = 0
========================================================================
Received Import Request.
  Time since last request: 0.001384 seconds.
  path: Assets/Tests/PlayMode/AI_Test.cs
  artifactKey: Guid(52171b06e05f3ab4ea34a70153b6e37d) Importer(815301076,1909f56bfc062723c751e8b465ee728b)
Start importing Assets/Tests/PlayMode/AI_Test.cs using Guid(52171b06e05f3ab4ea34a70153b6e37d) Importer(815301076,1909f56bfc062723c751e8b465ee728b) [PhysX] Initialized MultithreadedTaskDispatcher with 6 workers.
 -> (artifact id: '00000000000000000000000000000000') in 0.000401 seconds
Import Error Code:(4)
Message: Build asset version error: assets/tests/playmode/ai_test.cs in SourceAssetDB has modification time of '2025-04-29T06:58:12.906501Z' while content on disk has modification time of '2025-04-29T06:58:19.9876532Z'
  ERROR: Build asset version error: assets/tests/playmode/ai_test.cs in SourceAssetDB has modification time of '2025-04-29T06:58:12.906501Z' while content on disk has modification time of '2025-04-29T06:58:19.9876532Z'
Number of updated asset objects reloaded before import = 0
Number of asset objects unloaded after import = 0
========================================================================
Received Import Request.
  Time since last request: 0.000838 seconds.
  path: Assets/Tests/PlayMode/AI_Test.cs
  artifactKey: Guid(52171b06e05f3ab4ea34a70153b6e37d) Importer(815301076,1909f56bfc062723c751e8b465ee728b)
Start importing Assets/Tests/PlayMode/AI_Test.cs using Guid(52171b06e05f3ab4ea34a70153b6e37d) Importer(815301076,1909f56bfc062723c751e8b465ee728b) [PhysX] Initialized MultithreadedTaskDispatcher with 6 workers.
 -> (artifact id: '00000000000000000000000000000000') in 0.000341 seconds
Import Error Code:(4)
Message: Build asset version error: assets/tests/playmode/ai_test.cs in SourceAssetDB has modification time of '2025-04-29T06:58:12.906501Z' while content on disk has modification time of '2025-04-29T06:58:19.9876532Z'
  ERROR: Build asset version error: assets/tests/playmode/ai_test.cs in SourceAssetDB has modification time of '2025-04-29T06:58:12.906501Z' while content on disk has modification time of '2025-04-29T06:58:19.9876532Z'
Number of updated asset objects reloaded before import = 0
Number of asset objects unloaded after import = 0
========================================================================
Received Import Request.
  Time since last request: 0.001320 seconds.
  path: Assets/Tests/PlayMode/AI_Test.cs
  artifactKey: Guid(52171b06e05f3ab4ea34a70153b6e37d) Importer(815301076,1909f56bfc062723c751e8b465ee728b)
Start importing Assets/Tests/PlayMode/AI_Test.cs using Guid(52171b06e05f3ab4ea34a70153b6e37d) Importer(815301076,1909f56bfc062723c751e8b465ee728b) [PhysX] Initialized MultithreadedTaskDispatcher with 6 workers.
 -> (artifact id: '00000000000000000000000000000000') in 0.000372 seconds
Import Error Code:(4)
Message: Build asset version error: assets/tests/playmode/ai_test.cs in SourceAssetDB has modification time of '2025-04-29T06:58:12.906501Z' while content on disk has modification time of '2025-04-29T06:58:19.9876532Z'
  ERROR: Build asset version error: assets/tests/playmode/ai_test.cs in SourceAssetDB has modification time of '2025-04-29T06:58:12.906501Z' while content on disk has modification time of '2025-04-29T06:58:19.9876532Z'
Number of updated asset objects reloaded before import = 0
Number of asset objects unloaded after import = 0
========================================================================
Received Import Request.
  Time since last request: 0.000866 seconds.
  path: Assets/Tests/PlayMode/AI_Test.cs
  artifactKey: Guid(52171b06e05f3ab4ea34a70153b6e37d) Importer(815301076,1909f56bfc062723c751e8b465ee728b)
Start importing Assets/Tests/PlayMode/AI_Test.cs using Guid(52171b06e05f3ab4ea34a70153b6e37d) Importer(815301076,1909f56bfc062723c751e8b465ee728b) [PhysX] Initialized MultithreadedTaskDispatcher with 6 workers.
 -> (artifact id: '00000000000000000000000000000000') in 0.000345 seconds
Import Error Code:(4)
Message: Build asset version error: assets/tests/playmode/ai_test.cs in SourceAssetDB has modification time of '2025-04-29T06:58:12.906501Z' while content on disk has modification time of '2025-04-29T06:58:19.9876532Z'
  ERROR: Build asset version error: assets/tests/playmode/ai_test.cs in SourceAssetDB has modification time of '2025-04-29T06:58:12.906501Z' while content on disk has modification time of '2025-04-29T06:58:19.9876532Z'
Number of updated asset objects reloaded before import = 0
Number of asset objects unloaded after import = 0
========================================================================
Received Import Request.
  Time since last request: 0.001267 seconds.
  path: Assets/Tests/PlayMode/AI_Test.cs
  artifactKey: Guid(52171b06e05f3ab4ea34a70153b6e37d) Importer(815301076,1909f56bfc062723c751e8b465ee728b)
Start importing Assets/Tests/PlayMode/AI_Test.cs using Guid(52171b06e05f3ab4ea34a70153b6e37d) Importer(815301076,1909f56bfc062723c751e8b465ee728b) [PhysX] Initialized MultithreadedTaskDispatcher with 6 workers.
 -> (artifact id: '00000000000000000000000000000000') in 0.000471 seconds
Import Error Code:(4)
Message: Build asset version error: assets/tests/playmode/ai_test.cs in SourceAssetDB has modification time of '2025-04-29T06:58:12.906501Z' while content on disk has modification time of '2025-04-29T06:58:19.9876532Z'
  ERROR: Build asset version error: assets/tests/playmode/ai_test.cs in SourceAssetDB has modification time of '2025-04-29T06:58:12.906501Z' while content on disk has modification time of '2025-04-29T06:58:19.9876532Z'
Number of updated asset objects reloaded before import = 0
Number of asset objects unloaded after import = 0
========================================================================
Received Import Request.
  Time since last request: 0.000934 seconds.
  path: Assets/Tests/PlayMode/AI_Test.cs
  artifactKey: Guid(52171b06e05f3ab4ea34a70153b6e37d) Importer(815301076,1909f56bfc062723c751e8b465ee728b)
Start importing Assets/Tests/PlayMode/AI_Test.cs using Guid(52171b06e05f3ab4ea34a70153b6e37d) Importer(815301076,1909f56bfc062723c751e8b465ee728b) [PhysX] Initialized MultithreadedTaskDispatcher with 6 workers.
 -> (artifact id: '00000000000000000000000000000000') in 0.000330 seconds
Import Error Code:(4)
Message: Build asset version error: assets/tests/playmode/ai_test.cs in SourceAssetDB has modification time of '2025-04-29T06:58:12.906501Z' while content on disk has modification time of '2025-04-29T06:58:19.9876532Z'
  ERROR: Build asset version error: assets/tests/playmode/ai_test.cs in SourceAssetDB has modification time of '2025-04-29T06:58:12.906501Z' while content on disk has modification time of '2025-04-29T06:58:19.9876532Z'
Number of updated asset objects reloaded before import = 0
Number of asset objects unloaded after import = 0
========================================================================
Received Import Request.
  Time since last request: 0.001248 seconds.
  path: Assets/Tests/PlayMode/AI_Test.cs
  artifactKey: Guid(52171b06e05f3ab4ea34a70153b6e37d) Importer(815301076,1909f56bfc062723c751e8b465ee728b)
Start importing Assets/Tests/PlayMode/AI_Test.cs using Guid(52171b06e05f3ab4ea34a70153b6e37d) Importer(815301076,1909f56bfc062723c751e8b465ee728b) [PhysX] Initialized MultithreadedTaskDispatcher with 6 workers.
 -> (artifact id: '00000000000000000000000000000000') in 0.000341 seconds
Import Error Code:(4)
Message: Build asset version error: assets/tests/playmode/ai_test.cs in SourceAssetDB has modification time of '2025-04-29T06:58:12.906501Z' while content on disk has modification time of '2025-04-29T06:58:19.9876532Z'
  ERROR: Build asset version error: assets/tests/playmode/ai_test.cs in SourceAssetDB has modification time of '2025-04-29T06:58:12.906501Z' while content on disk has modification time of '2025-04-29T06:58:19.9876532Z'
Number of updated asset objects reloaded before import = 0
Number of asset objects unloaded after import = 0
========================================================================
Received Import Request.
  Time since last request: 0.001208 seconds.
  path: Assets/Tests/PlayMode/AI_Test.cs
  artifactKey: Guid(52171b06e05f3ab4ea34a70153b6e37d) Importer(815301076,1909f56bfc062723c751e8b465ee728b)
Start importing Assets/Tests/PlayMode/AI_Test.cs using Guid(52171b06e05f3ab4ea34a70153b6e37d) Importer(815301076,1909f56bfc062723c751e8b465ee728b) [PhysX] Initialized MultithreadedTaskDispatcher with 6 workers.
 -> (artifact id: '00000000000000000000000000000000') in 0.000338 seconds
Import Error Code:(4)
Message: Build asset version error: assets/tests/playmode/ai_test.cs in SourceAssetDB has modification time of '2025-04-29T06:58:12.906501Z' while content on disk has modification time of '2025-04-29T06:58:19.9876532Z'
  ERROR: Build asset version error: assets/tests/playmode/ai_test.cs in SourceAssetDB has modification time of '2025-04-29T06:58:12.906501Z' while content on disk has modification time of '2025-04-29T06:58:19.9876532Z'
Number of updated asset objects reloaded before import = 0
Number of asset objects unloaded after import = 0
========================================================================
Received Import Request.
  Time since last request: 0.001251 seconds.
  path: Assets/Tests/PlayMode/AI_Test.cs
  artifactKey: Guid(52171b06e05f3ab4ea34a70153b6e37d) Importer(815301076,1909f56bfc062723c751e8b465ee728b)
Start importing Assets/Tests/PlayMode/AI_Test.cs using Guid(52171b06e05f3ab4ea34a70153b6e37d) Importer(815301076,1909f56bfc062723c751e8b465ee728b) [PhysX] Initialized MultithreadedTaskDispatcher with 6 workers.
 -> (artifact id: '00000000000000000000000000000000') in 0.000349 seconds
Import Error Code:(4)
Message: Build asset version error: assets/tests/playmode/ai_test.cs in SourceAssetDB has modification time of '2025-04-29T06:58:12.906501Z' while content on disk has modification time of '2025-04-29T06:58:19.9876532Z'
  ERROR: Build asset version error: assets/tests/playmode/ai_test.cs in SourceAssetDB has modification time of '2025-04-29T06:58:12.906501Z' while content on disk has modification time of '2025-04-29T06:58:19.9876532Z'
Number of updated asset objects reloaded before import = 0
Number of asset objects unloaded after import = 0
========================================================================
Received Import Request.
  Time since last request: 0.001568 seconds.
  path: Assets/Tests/PlayMode/AI_Test.cs
  artifactKey: Guid(52171b06e05f3ab4ea34a70153b6e37d) Importer(815301076,1909f56bfc062723c751e8b465ee728b)
Start importing Assets/Tests/PlayMode/AI_Test.cs using Guid(52171b06e05f3ab4ea34a70153b6e37d) Importer(815301076,1909f56bfc062723c751e8b465ee728b) [PhysX] Initialized MultithreadedTaskDispatcher with 6 workers.
 -> (artifact id: '00000000000000000000000000000000') in 0.000347 seconds
Import Error Code:(4)
Message: Build asset version error: assets/tests/playmode/ai_test.cs in SourceAssetDB has modification time of '2025-04-29T06:58:12.906501Z' while content on disk has modification time of '2025-04-29T06:58:19.9876532Z'
  ERROR: Build asset version error: assets/tests/playmode/ai_test.cs in SourceAssetDB has modification time of '2025-04-29T06:58:12.906501Z' while content on disk has modification time of '2025-04-29T06:58:19.9876532Z'
Number of updated asset objects reloaded before import = 0
Number of asset objects unloaded after import = 0
========================================================================
Received Import Request.
  Time since last request: 0.001400 seconds.
  path: Assets/Tests/PlayMode/AI_Test.cs
  artifactKey: Guid(52171b06e05f3ab4ea34a70153b6e37d) Importer(815301076,1909f56bfc062723c751e8b465ee728b)
Start importing Assets/Tests/PlayMode/AI_Test.cs using Guid(52171b06e05f3ab4ea34a70153b6e37d) Importer(815301076,1909f56bfc062723c751e8b465ee728b) [PhysX] Initialized MultithreadedTaskDispatcher with 6 workers.
 -> (artifact id: '00000000000000000000000000000000') in 0.000334 seconds
Import Error Code:(4)
Message: Build asset version error: assets/tests/playmode/ai_test.cs in SourceAssetDB has modification time of '2025-04-29T06:58:12.906501Z' while content on disk has modification time of '2025-04-29T06:58:19.9876532Z'
  ERROR: Build asset version error: assets/tests/playmode/ai_test.cs in SourceAssetDB has modification time of '2025-04-29T06:58:12.906501Z' while content on disk has modification time of '2025-04-29T06:58:19.9876532Z'
Number of updated asset objects reloaded before import = 0
Number of asset objects unloaded after import = 0
========================================================================
Received Import Request.
  Time since last request: 0.001435 seconds.
  path: Assets/Tests/PlayMode/AI_Test.cs
  artifactKey: Guid(52171b06e05f3ab4ea34a70153b6e37d) Importer(815301076,1909f56bfc062723c751e8b465ee728b)
Start importing Assets/Tests/PlayMode/AI_Test.cs using Guid(52171b06e05f3ab4ea34a70153b6e37d) Importer(815301076,1909f56bfc062723c751e8b465ee728b) [PhysX] Initialized MultithreadedTaskDispatcher with 6 workers.
 -> (artifact id: '00000000000000000000000000000000') in 0.000360 seconds
Import Error Code:(4)
Message: Build asset version error: assets/tests/playmode/ai_test.cs in SourceAssetDB has modification time of '2025-04-29T06:58:12.906501Z' while content on disk has modification time of '2025-04-29T06:58:19.9876532Z'
  ERROR: Build asset version error: assets/tests/playmode/ai_test.cs in SourceAssetDB has modification time of '2025-04-29T06:58:12.906501Z' while content on disk has modification time of '2025-04-29T06:58:19.9876532Z'
Number of updated asset objects reloaded before import = 0
Number of asset objects unloaded after import = 0
========================================================================
Received Import Request.
  Time since last request: 0.001704 seconds.
  path: Assets/Tests/PlayMode/AI_Test.cs
  artifactKey: Guid(52171b06e05f3ab4ea34a70153b6e37d) Importer(815301076,1909f56bfc062723c751e8b465ee728b)
Start importing Assets/Tests/PlayMode/AI_Test.cs using Guid(52171b06e05f3ab4ea34a70153b6e37d) Importer(815301076,1909f56bfc062723c751e8b465ee728b) [PhysX] Initialized MultithreadedTaskDispatcher with 6 workers.
 -> (artifact id: '00000000000000000000000000000000') in 0.000338 seconds
Import Error Code:(4)
Message: Build asset version error: assets/tests/playmode/ai_test.cs in SourceAssetDB has modification time of '2025-04-29T06:58:12.906501Z' while content on disk has modification time of '2025-04-29T06:58:19.9876532Z'
  ERROR: Build asset version error: assets/tests/playmode/ai_test.cs in SourceAssetDB has modification time of '2025-04-29T06:58:12.906501Z' while content on disk has modification time of '2025-04-29T06:58:19.9876532Z'
Number of updated asset objects reloaded before import = 0
Number of asset objects unloaded after import = 0
========================================================================
Received Import Request.
  Time since last request: 0.001508 seconds.
  path: Assets/Tests/PlayMode/AI_Test.cs
  artifactKey: Guid(52171b06e05f3ab4ea34a70153b6e37d) Importer(815301076,1909f56bfc062723c751e8b465ee728b)
Start importing Assets/Tests/PlayMode/AI_Test.cs using Guid(52171b06e05f3ab4ea34a70153b6e37d) Importer(815301076,1909f56bfc062723c751e8b465ee728b) [PhysX] Initialized MultithreadedTaskDispatcher with 6 workers.
 -> (artifact id: '00000000000000000000000000000000') in 0.000352 seconds
Import Error Code:(4)
Message: Build asset version error: assets/tests/playmode/ai_test.cs in SourceAssetDB has modification time of '2025-04-29T06:58:12.906501Z' while content on disk has modification time of '2025-04-29T06:58:19.9876532Z'
  ERROR: Build asset version error: assets/tests/playmode/ai_test.cs in SourceAssetDB has modification time of '2025-04-29T06:58:12.906501Z' while content on disk has modification time of '2025-04-29T06:58:19.9876532Z'
Number of updated asset objects reloaded before import = 0
Number of asset objects unloaded after import = 0
========================================================================
Received Import Request.
  Time since last request: 0.001825 seconds.
  path: Assets/Tests/PlayMode/AI_Test.cs
  artifactKey: Guid(52171b06e05f3ab4ea34a70153b6e37d) Importer(815301076,1909f56bfc062723c751e8b465ee728b)
Start importing Assets/Tests/PlayMode/AI_Test.cs using Guid(52171b06e05f3ab4ea34a70153b6e37d) Importer(815301076,1909f56bfc062723c751e8b465ee728b) [PhysX] Initialized MultithreadedTaskDispatcher with 6 workers.
 -> (artifact id: '00000000000000000000000000000000') in 0.000339 seconds
Import Error Code:(4)
Message: Build asset version error: assets/tests/playmode/ai_test.cs in SourceAssetDB has modification time of '2025-04-29T06:58:12.906501Z' while content on disk has modification time of '2025-04-29T06:58:19.9876532Z'
  ERROR: Build asset version error: assets/tests/playmode/ai_test.cs in SourceAssetDB has modification time of '2025-04-29T06:58:12.906501Z' while content on disk has modification time of '2025-04-29T06:58:19.9876532Z'
Number of updated asset objects reloaded before import = 0
Number of asset objects unloaded after import = 0
========================================================================
Received Import Request.
  Time since last request: 0.001631 seconds.
  path: Assets/Tests/PlayMode/AI_Test.cs
  artifactKey: Guid(52171b06e05f3ab4ea34a70153b6e37d) Importer(815301076,1909f56bfc062723c751e8b465ee728b)
Start importing Assets/Tests/PlayMode/AI_Test.cs using Guid(52171b06e05f3ab4ea34a70153b6e37d) Importer(815301076,1909f56bfc062723c751e8b465ee728b) [PhysX] Initialized MultithreadedTaskDispatcher with 6 workers.
 -> (artifact id: '00000000000000000000000000000000') in 0.000330 seconds
Import Error Code:(4)
Message: Build asset version error: assets/tests/playmode/ai_test.cs in SourceAssetDB has modification time of '2025-04-29T06:58:12.906501Z' while content on disk has modification time of '2025-04-29T06:58:19.9876532Z'
  ERROR: Build asset version error: assets/tests/playmode/ai_test.cs in SourceAssetDB has modification time of '2025-04-29T06:58:12.906501Z' while content on disk has modification time of '2025-04-29T06:58:19.9876532Z'
Number of updated asset objects reloaded before import = 0
Number of asset objects unloaded after import = 0
========================================================================
Received Import Request.
  Time since last request: 0.001546 seconds.
  path: Assets/Tests/PlayMode/AI_Test.cs
  artifactKey: Guid(52171b06e05f3ab4ea34a70153b6e37d) Importer(815301076,1909f56bfc062723c751e8b465ee728b)
Start importing Assets/Tests/PlayMode/AI_Test.cs using Guid(52171b06e05f3ab4ea34a70153b6e37d) Importer(815301076,1909f56bfc062723c751e8b465ee728b) [PhysX] Initialized MultithreadedTaskDispatcher with 6 workers.
 -> (artifact id: '00000000000000000000000000000000') in 0.000442 seconds
Import Error Code:(4)
Message: Build asset version error: assets/tests/playmode/ai_test.cs in SourceAssetDB has modification time of '2025-04-29T06:58:12.906501Z' while content on disk has modification time of '2025-04-29T06:58:19.9876532Z'
  ERROR: Build asset version error: assets/tests/playmode/ai_test.cs in SourceAssetDB has modification time of '2025-04-29T06:58:12.906501Z' while content on disk has modification time of '2025-04-29T06:58:19.9876532Z'
Number of updated asset objects reloaded before import = 0
Number of asset objects unloaded after import = 0
========================================================================
Received Import Request.
  Time since last request: 0.001766 seconds.
  path: Assets/Tests/PlayMode/AI_Test.cs
  artifactKey: Guid(52171b06e05f3ab4ea34a70153b6e37d) Importer(815301076,1909f56bfc062723c751e8b465ee728b)
Start importing Assets/Tests/PlayMode/AI_Test.cs using Guid(52171b06e05f3ab4ea34a70153b6e37d) Importer(815301076,1909f56bfc062723c751e8b465ee728b) [PhysX] Initialized MultithreadedTaskDispatcher with 6 workers.
 -> (artifact id: '00000000000000000000000000000000') in 0.000419 seconds
Import Error Code:(4)
Message: Build asset version error: assets/tests/playmode/ai_test.cs in SourceAssetDB has modification time of '2025-04-29T06:58:12.906501Z' while content on disk has modification time of '2025-04-29T06:58:19.9876532Z'
  ERROR: Build asset version error: assets/tests/playmode/ai_test.cs in SourceAssetDB has modification time of '2025-04-29T06:58:12.906501Z' while content on disk has modification time of '2025-04-29T06:58:19.9876532Z'
Number of updated asset objects reloaded before import = 0
Number of asset objects unloaded after import = 0
========================================================================
Received Import Request.
  Time since last request: 0.001632 seconds.
  path: Assets/Tests/PlayMode/AI_Test.cs
  artifactKey: Guid(52171b06e05f3ab4ea34a70153b6e37d) Importer(815301076,1909f56bfc062723c751e8b465ee728b)
Start importing Assets/Tests/PlayMode/AI_Test.cs using Guid(52171b06e05f3ab4ea34a70153b6e37d) Importer(815301076,1909f56bfc062723c751e8b465ee728b) [PhysX] Initialized MultithreadedTaskDispatcher with 6 workers.
 -> (artifact id: '00000000000000000000000000000000') in 0.000402 seconds
Import Error Code:(4)
Message: Build asset version error: assets/tests/playmode/ai_test.cs in SourceAssetDB has modification time of '2025-04-29T06:58:12.906501Z' while content on disk has modification time of '2025-04-29T06:58:19.9876532Z'
  ERROR: Build asset version error: assets/tests/playmode/ai_test.cs in SourceAssetDB has modification time of '2025-04-29T06:58:12.906501Z' while content on disk has modification time of '2025-04-29T06:58:19.9876532Z'
Number of updated asset objects reloaded before import = 0
Number of asset objects unloaded after import = 0
========================================================================
Received Import Request.
  Time since last request: 0.001603 seconds.
  path: Assets/Tests/PlayMode/AI_Test.cs
  artifactKey: Guid(52171b06e05f3ab4ea34a70153b6e37d) Importer(815301076,1909f56bfc062723c751e8b465ee728b)
Start importing Assets/Tests/PlayMode/AI_Test.cs using Guid(52171b06e05f3ab4ea34a70153b6e37d) Importer(815301076,1909f56bfc062723c751e8b465ee728b) [PhysX] Initialized MultithreadedTaskDispatcher with 6 workers.
 -> (artifact id: '00000000000000000000000000000000') in 0.000348 seconds
Import Error Code:(4)
Message: Build asset version error: assets/tests/playmode/ai_test.cs in SourceAssetDB has modification time of '2025-04-29T06:58:12.906501Z' while content on disk has modification time of '2025-04-29T06:58:19.9876532Z'
  ERROR: Build asset version error: assets/tests/playmode/ai_test.cs in SourceAssetDB has modification time of '2025-04-29T06:58:12.906501Z' while content on disk has modification time of '2025-04-29T06:58:19.9876532Z'
Number of updated asset objects reloaded before import = 0
Number of asset objects unloaded after import = 0
========================================================================
Received Import Request.
  Time since last request: 0.001116 seconds.
  path: Assets/Tests/PlayMode/AI_Test.cs
  artifactKey: Guid(52171b06e05f3ab4ea34a70153b6e37d) Importer(815301076,1909f56bfc062723c751e8b465ee728b)
Start importing Assets/Tests/PlayMode/AI_Test.cs using Guid(52171b06e05f3ab4ea34a70153b6e37d) Importer(815301076,1909f56bfc062723c751e8b465ee728b) [PhysX] Initialized MultithreadedTaskDispatcher with 6 workers.
 -> (artifact id: '00000000000000000000000000000000') in 0.000382 seconds
Import Error Code:(4)
Message: Build asset version error: assets/tests/playmode/ai_test.cs in SourceAssetDB has modification time of '2025-04-29T06:58:12.906501Z' while content on disk has modification time of '2025-04-29T06:58:19.9876532Z'
  ERROR: Build asset version error: assets/tests/playmode/ai_test.cs in SourceAssetDB has modification time of '2025-04-29T06:58:12.906501Z' while content on disk has modification time of '2025-04-29T06:58:19.9876532Z'
Number of updated asset objects reloaded before import = 0
Number of asset objects unloaded after import = 0
========================================================================
Received Import Request.
  Time since last request: 0.001419 seconds.
  path: Assets/Tests/PlayMode/AI_Test.cs
  artifactKey: Guid(52171b06e05f3ab4ea34a70153b6e37d) Importer(815301076,1909f56bfc062723c751e8b465ee728b)
Start importing Assets/Tests/PlayMode/AI_Test.cs using Guid(52171b06e05f3ab4ea34a70153b6e37d) Importer(815301076,1909f56bfc062723c751e8b465ee728b) [PhysX] Initialized MultithreadedTaskDispatcher with 6 workers.
 -> (artifact id: '00000000000000000000000000000000') in 0.000337 seconds
Import Error Code:(4)
Message: Build asset version error: assets/tests/playmode/ai_test.cs in SourceAssetDB has modification time of '2025-04-29T06:58:12.906501Z' while content on disk has modification time of '2025-04-29T06:58:19.9876532Z'
  ERROR: Build asset version error: assets/tests/playmode/ai_test.cs in SourceAssetDB has modification time of '2025-04-29T06:58:12.906501Z' while content on disk has modification time of '2025-04-29T06:58:19.9876532Z'
Number of updated asset objects reloaded before import = 0
Number of asset objects unloaded after import = 0
========================================================================
Received Import Request.
  Time since last request: 0.001746 seconds.
  path: Assets/Tests/PlayMode/AI_Test.cs
  artifactKey: Guid(52171b06e05f3ab4ea34a70153b6e37d) Importer(815301076,1909f56bfc062723c751e8b465ee728b)
Start importing Assets/Tests/PlayMode/AI_Test.cs using Guid(52171b06e05f3ab4ea34a70153b6e37d) Importer(815301076,1909f56bfc062723c751e8b465ee728b) [PhysX] Initialized MultithreadedTaskDispatcher with 6 workers.
 -> (artifact id: '00000000000000000000000000000000') in 0.000340 seconds
Import Error Code:(4)
Message: Build asset version error: assets/tests/playmode/ai_test.cs in SourceAssetDB has modification time of '2025-04-29T06:58:12.906501Z' while content on disk has modification time of '2025-04-29T06:58:19.9876532Z'
  ERROR: Build asset version error: assets/tests/playmode/ai_test.cs in SourceAssetDB has modification time of '2025-04-29T06:58:12.906501Z' while content on disk has modification time of '2025-04-29T06:58:19.9876532Z'
Number of updated asset objects reloaded before import = 0
Number of asset objects unloaded after import = 0
========================================================================
Received Import Request.
  Time since last request: 0.001906 seconds.
  path: Assets/Tests/PlayMode/AI_Test.cs
  artifactKey: Guid(52171b06e05f3ab4ea34a70153b6e37d) Importer(815301076,1909f56bfc062723c751e8b465ee728b)
Start importing Assets/Tests/PlayMode/AI_Test.cs using Guid(52171b06e05f3ab4ea34a70153b6e37d) Importer(815301076,1909f56bfc062723c751e8b465ee728b) [PhysX] Initialized MultithreadedTaskDispatcher with 6 workers.
 -> (artifact id: '00000000000000000000000000000000') in 0.000341 seconds
Import Error Code:(4)
Message: Build asset version error: assets/tests/playmode/ai_test.cs in SourceAssetDB has modification time of '2025-04-29T06:58:12.906501Z' while content on disk has modification time of '2025-04-29T06:58:19.9876532Z'
  ERROR: Build asset version error: assets/tests/playmode/ai_test.cs in SourceAssetDB has modification time of '2025-04-29T06:58:12.906501Z' while content on disk has modification time of '2025-04-29T06:58:19.9876532Z'
Number of updated asset objects reloaded before import = 0
Number of asset objects unloaded after import = 0
========================================================================
Received Import Request.
  Time since last request: 0.001513 seconds.
  path: Assets/Tests/PlayMode/AI_Test.cs
  artifactKey: Guid(52171b06e05f3ab4ea34a70153b6e37d) Importer(815301076,1909f56bfc062723c751e8b465ee728b)
Start importing Assets/Tests/PlayMode/AI_Test.cs using Guid(52171b06e05f3ab4ea34a70153b6e37d) Importer(815301076,1909f56bfc062723c751e8b465ee728b) [PhysX] Initialized MultithreadedTaskDispatcher with 6 workers.
 -> (artifact id: '00000000000000000000000000000000') in 0.000373 seconds
Import Error Code:(4)
Message: Build asset version error: assets/tests/playmode/ai_test.cs in SourceAssetDB has modification time of '2025-04-29T06:58:12.906501Z' while content on disk has modification time of '2025-04-29T06:58:19.9876532Z'
  ERROR: Build asset version error: assets/tests/playmode/ai_test.cs in SourceAssetDB has modification time of '2025-04-29T06:58:12.906501Z' while content on disk has modification time of '2025-04-29T06:58:19.9876532Z'
Number of updated asset objects reloaded before import = 0
Number of asset objects unloaded after import = 0
========================================================================
Received Import Request.
  Time since last request: 0.001489 seconds.
  path: Assets/Tests/PlayMode/AI_Test.cs
  artifactKey: Guid(52171b06e05f3ab4ea34a70153b6e37d) Importer(815301076,1909f56bfc062723c751e8b465ee728b)
Start importing Assets/Tests/PlayMode/AI_Test.cs using Guid(52171b06e05f3ab4ea34a70153b6e37d) Importer(815301076,1909f56bfc062723c751e8b465ee728b) [PhysX] Initialized MultithreadedTaskDispatcher with 6 workers.
 -> (artifact id: '00000000000000000000000000000000') in 0.000382 seconds
Import Error Code:(4)
Message: Build asset version error: assets/tests/playmode/ai_test.cs in SourceAssetDB has modification time of '2025-04-29T06:58:12.906501Z' while content on disk has modification time of '2025-04-29T06:58:19.9876532Z'
  ERROR: Build asset version error: assets/tests/playmode/ai_test.cs in SourceAssetDB has modification time of '2025-04-29T06:58:12.906501Z' while content on disk has modification time of '2025-04-29T06:58:19.9876532Z'
Number of updated asset objects reloaded before import = 0
Number of asset objects unloaded after import = 0
========================================================================
Received Import Request.
  Time since last request: 0.001745 seconds.
  path: Assets/Tests/PlayMode/AI_Test.cs
  artifactKey: Guid(52171b06e05f3ab4ea34a70153b6e37d) Importer(815301076,1909f56bfc062723c751e8b465ee728b)
Start importing Assets/Tests/PlayMode/AI_Test.cs using Guid(52171b06e05f3ab4ea34a70153b6e37d) Importer(815301076,1909f56bfc062723c751e8b465ee728b) [PhysX] Initialized MultithreadedTaskDispatcher with 6 workers.
 -> (artifact id: '00000000000000000000000000000000') in 0.000347 seconds
Import Error Code:(4)
Message: Build asset version error: assets/tests/playmode/ai_test.cs in SourceAssetDB has modification time of '2025-04-29T06:58:12.906501Z' while content on disk has modification time of '2025-04-29T06:58:19.9876532Z'
  ERROR: Build asset version error: assets/tests/playmode/ai_test.cs in SourceAssetDB has modification time of '2025-04-29T06:58:12.906501Z' while content on disk has modification time of '2025-04-29T06:58:19.9876532Z'
Number of updated asset objects reloaded before import = 0
Number of asset objects unloaded after import = 0
========================================================================
Received Import Request.
  Time since last request: 0.001634 seconds.
  path: Assets/Tests/PlayMode/AI_Test.cs
  artifactKey: Guid(52171b06e05f3ab4ea34a70153b6e37d) Importer(815301076,1909f56bfc062723c751e8b465ee728b)
Start importing Assets/Tests/PlayMode/AI_Test.cs using Guid(52171b06e05f3ab4ea34a70153b6e37d) Importer(815301076,1909f56bfc062723c751e8b465ee728b) [PhysX] Initialized MultithreadedTaskDispatcher with 6 workers.
 -> (artifact id: '00000000000000000000000000000000') in 0.000382 seconds
Import Error Code:(4)
Message: Build asset version error: assets/tests/playmode/ai_test.cs in SourceAssetDB has modification time of '2025-04-29T06:58:12.906501Z' while content on disk has modification time of '2025-04-29T06:58:19.9876532Z'
  ERROR: Build asset version error: assets/tests/playmode/ai_test.cs in SourceAssetDB has modification time of '2025-04-29T06:58:12.906501Z' while content on disk has modification time of '2025-04-29T06:58:19.9876532Z'
Number of updated asset objects reloaded before import = 0
Number of asset objects unloaded after import = 0
========================================================================
Received Import Request.
  Time since last request: 0.000620 seconds.
  path: Assets/Tests/PlayMode/AI_Test.cs
  artifactKey: Guid(52171b06e05f3ab4ea34a70153b6e37d) Importer(815301076,1909f56bfc062723c751e8b465ee728b)
Start importing Assets/Tests/PlayMode/AI_Test.cs using Guid(52171b06e05f3ab4ea34a70153b6e37d) Importer(815301076,1909f56bfc062723c751e8b465ee728b) [PhysX] Initialized MultithreadedTaskDispatcher with 6 workers.
 -> (artifact id: '00000000000000000000000000000000') in 0.000359 seconds
Import Error Code:(4)
Message: Build asset version error: assets/tests/playmode/ai_test.cs in SourceAssetDB has modification time of '2025-04-29T06:58:12.906501Z' while content on disk has modification time of '2025-04-29T06:58:19.9876532Z'
  ERROR: Build asset version error: assets/tests/playmode/ai_test.cs in SourceAssetDB has modification time of '2025-04-29T06:58:12.906501Z' while content on disk has modification time of '2025-04-29T06:58:19.9876532Z'
Number of updated asset objects reloaded before import = 0
Number of asset objects unloaded after import = 0
========================================================================
Received Import Request.
  Time since last request: 0.001495 seconds.
  path: Assets/Tests/PlayMode/AI_Test.cs
  artifactKey: Guid(52171b06e05f3ab4ea34a70153b6e37d) Importer(815301076,1909f56bfc062723c751e8b465ee728b)
Start importing Assets/Tests/PlayMode/AI_Test.cs using Guid(52171b06e05f3ab4ea34a70153b6e37d) Importer(815301076,1909f56bfc062723c751e8b465ee728b) [PhysX] Initialized MultithreadedTaskDispatcher with 6 workers.
 -> (artifact id: '00000000000000000000000000000000') in 0.000605 seconds
Import Error Code:(4)
Message: Build asset version error: assets/tests/playmode/ai_test.cs in SourceAssetDB has modification time of '2025-04-29T06:58:12.906501Z' while content on disk has modification time of '2025-04-29T06:58:19.9876532Z'
  ERROR: Build asset version error: assets/tests/playmode/ai_test.cs in SourceAssetDB has modification time of '2025-04-29T06:58:12.906501Z' while content on disk has modification time of '2025-04-29T06:58:19.9876532Z'
Number of updated asset objects reloaded before import = 0
Number of asset objects unloaded after import = 0
========================================================================
Received Import Request.
  Time since last request: 0.006746 seconds.
  path: Assets/Tests/PlayMode/AI_Test.cs
  artifactKey: Guid(52171b06e05f3ab4ea34a70153b6e37d) Importer(815301076,1909f56bfc062723c751e8b465ee728b)
Start importing Assets/Tests/PlayMode/AI_Test.cs using Guid(52171b06e05f3ab4ea34a70153b6e37d) Importer(815301076,1909f56bfc062723c751e8b465ee728b) [PhysX] Initialized MultithreadedTaskDispatcher with 6 workers.
 -> (artifact id: '00000000000000000000000000000000') in 0.000511 seconds
Import Error Code:(4)
Message: Build asset version error: assets/tests/playmode/ai_test.cs in SourceAssetDB has modification time of '2025-04-29T06:58:12.906501Z' while content on disk has modification time of '2025-04-29T06:58:19.9876532Z'
  ERROR: Build asset version error: assets/tests/playmode/ai_test.cs in SourceAssetDB has modification time of '2025-04-29T06:58:12.906501Z' while content on disk has modification time of '2025-04-29T06:58:19.9876532Z'
Number of updated asset objects reloaded before import = 0
Number of asset objects unloaded after import = 0
========================================================================
Received Import Request.
  Time since last request: 0.001502 seconds.
  path: Assets/Tests/PlayMode/AI_Test.cs
  artifactKey: Guid(52171b06e05f3ab4ea34a70153b6e37d) Importer(815301076,1909f56bfc062723c751e8b465ee728b)
Start importing Assets/Tests/PlayMode/AI_Test.cs using Guid(52171b06e05f3ab4ea34a70153b6e37d) Importer(815301076,1909f56bfc062723c751e8b465ee728b) [PhysX] Initialized MultithreadedTaskDispatcher with 6 workers.
 -> (artifact id: '00000000000000000000000000000000') in 0.000402 seconds
Import Error Code:(4)
Message: Build asset version error: assets/tests/playmode/ai_test.cs in SourceAssetDB has modification time of '2025-04-29T06:58:12.906501Z' while content on disk has modification time of '2025-04-29T06:58:19.9876532Z'
  ERROR: Build asset version error: assets/tests/playmode/ai_test.cs in SourceAssetDB has modification time of '2025-04-29T06:58:12.906501Z' while content on disk has modification time of '2025-04-29T06:58:19.9876532Z'
Number of updated asset objects reloaded before import = 0
Number of asset objects unloaded after import = 0
========================================================================
Received Import Request.
  Time since last request: 0.001533 seconds.
  path: Assets/Tests/PlayMode/AI_Test.cs
  artifactKey: Guid(52171b06e05f3ab4ea34a70153b6e37d) Importer(815301076,1909f56bfc062723c751e8b465ee728b)
Start importing Assets/Tests/PlayMode/AI_Test.cs using Guid(52171b06e05f3ab4ea34a70153b6e37d) Importer(815301076,1909f56bfc062723c751e8b465ee728b) [PhysX] Initialized MultithreadedTaskDispatcher with 6 workers.
 -> (artifact id: '00000000000000000000000000000000') in 0.000446 seconds
Import Error Code:(4)
Message: Build asset version error: assets/tests/playmode/ai_test.cs in SourceAssetDB has modification time of '2025-04-29T06:58:12.906501Z' while content on disk has modification time of '2025-04-29T06:58:19.9876532Z'
  ERROR: Build asset version error: assets/tests/playmode/ai_test.cs in SourceAssetDB has modification time of '2025-04-29T06:58:12.906501Z' while content on disk has modification time of '2025-04-29T06:58:19.9876532Z'
Number of updated asset objects reloaded before import = 0
Number of asset objects unloaded after import = 0
========================================================================
Received Import Request.
  Time since last request: 0.001456 seconds.
  path: Assets/Tests/PlayMode/AI_Test.cs
  artifactKey: Guid(52171b06e05f3ab4ea34a70153b6e37d) Importer(815301076,1909f56bfc062723c751e8b465ee728b)
Start importing Assets/Tests/PlayMode/AI_Test.cs using Guid(52171b06e05f3ab4ea34a70153b6e37d) Importer(815301076,1909f56bfc062723c751e8b465ee728b) [PhysX] Initialized MultithreadedTaskDispatcher with 6 workers.
 -> (artifact id: '00000000000000000000000000000000') in 0.000403 seconds
Import Error Code:(4)
Message: Build asset version error: assets/tests/playmode/ai_test.cs in SourceAssetDB has modification time of '2025-04-29T06:58:12.906501Z' while content on disk has modification time of '2025-04-29T06:58:19.9876532Z'
  ERROR: Build asset version error: assets/tests/playmode/ai_test.cs in SourceAssetDB has modification time of '2025-04-29T06:58:12.906501Z' while content on disk has modification time of '2025-04-29T06:58:19.9876532Z'
Number of updated asset objects reloaded before import = 0
Number of asset objects unloaded after import = 0
========================================================================
Received Import Request.
  Time since last request: 0.001489 seconds.
  path: Assets/Tests/PlayMode/AI_Test.cs
  artifactKey: Guid(52171b06e05f3ab4ea34a70153b6e37d) Importer(815301076,1909f56bfc062723c751e8b465ee728b)
Start importing Assets/Tests/PlayMode/AI_Test.cs using Guid(52171b06e05f3ab4ea34a70153b6e37d) Importer(815301076,1909f56bfc062723c751e8b465ee728b) [PhysX] Initialized MultithreadedTaskDispatcher with 6 workers.
 -> (artifact id: '00000000000000000000000000000000') in 0.000346 seconds
Import Error Code:(4)
Message: Build asset version error: assets/tests/playmode/ai_test.cs in SourceAssetDB has modification time of '2025-04-29T06:58:12.906501Z' while content on disk has modification time of '2025-04-29T06:58:19.9876532Z'
  ERROR: Build asset version error: assets/tests/playmode/ai_test.cs in SourceAssetDB has modification time of '2025-04-29T06:58:12.906501Z' while content on disk has modification time of '2025-04-29T06:58:19.9876532Z'
Number of updated asset objects reloaded before import = 0
Number of asset objects unloaded after import = 0
========================================================================
Received Import Request.
  Time since last request: 0.001729 seconds.
  path: Assets/Tests/PlayMode/AI_Test.cs
  artifactKey: Guid(52171b06e05f3ab4ea34a70153b6e37d) Importer(815301076,1909f56bfc062723c751e8b465ee728b)
Start importing Assets/Tests/PlayMode/AI_Test.cs using Guid(52171b06e05f3ab4ea34a70153b6e37d) Importer(815301076,1909f56bfc062723c751e8b465ee728b) [PhysX] Initialized MultithreadedTaskDispatcher with 6 workers.
 -> (artifact id: '00000000000000000000000000000000') in 0.000353 seconds
Import Error Code:(4)
Message: Build asset version error: assets/tests/playmode/ai_test.cs in SourceAssetDB has modification time of '2025-04-29T06:58:12.906501Z' while content on disk has modification time of '2025-04-29T06:58:19.9876532Z'
  ERROR: Build asset version error: assets/tests/playmode/ai_test.cs in SourceAssetDB has modification time of '2025-04-29T06:58:12.906501Z' while content on disk has modification time of '2025-04-29T06:58:19.9876532Z'
Number of updated asset objects reloaded before import = 0
Number of asset objects unloaded after import = 0
========================================================================
Received Import Request.
  Time since last request: 0.001537 seconds.
  path: Assets/Tests/PlayMode/AI_Test.cs
  artifactKey: Guid(52171b06e05f3ab4ea34a70153b6e37d) Importer(815301076,1909f56bfc062723c751e8b465ee728b)
Start importing Assets/Tests/PlayMode/AI_Test.cs using Guid(52171b06e05f3ab4ea34a70153b6e37d) Importer(815301076,1909f56bfc062723c751e8b465ee728b) [PhysX] Initialized MultithreadedTaskDispatcher with 6 workers.
 -> (artifact id: '00000000000000000000000000000000') in 0.000353 seconds
Import Error Code:(4)
Message: Build asset version error: assets/tests/playmode/ai_test.cs in SourceAssetDB has modification time of '2025-04-29T06:58:12.906501Z' while content on disk has modification time of '2025-04-29T06:58:19.9876532Z'
  ERROR: Build asset version error: assets/tests/playmode/ai_test.cs in SourceAssetDB has modification time of '2025-04-29T06:58:12.906501Z' while content on disk has modification time of '2025-04-29T06:58:19.9876532Z'
Number of updated asset objects reloaded before import = 0
Number of asset objects unloaded after import = 0
========================================================================
Received Import Request.
  Time since last request: 0.001620 seconds.
  path: Assets/Tests/PlayMode/AI_Test.cs
  artifactKey: Guid(52171b06e05f3ab4ea34a70153b6e37d) Importer(815301076,1909f56bfc062723c751e8b465ee728b)
Start importing Assets/Tests/PlayMode/AI_Test.cs using Guid(52171b06e05f3ab4ea34a70153b6e37d) Importer(815301076,1909f56bfc062723c751e8b465ee728b) [PhysX] Initialized MultithreadedTaskDispatcher with 6 workers.
 -> (artifact id: '00000000000000000000000000000000') in 0.000347 seconds
Import Error Code:(4)
Message: Build asset version error: assets/tests/playmode/ai_test.cs in SourceAssetDB has modification time of '2025-04-29T06:58:12.906501Z' while content on disk has modification time of '2025-04-29T06:58:19.9876532Z'
  ERROR: Build asset version error: assets/tests/playmode/ai_test.cs in SourceAssetDB has modification time of '2025-04-29T06:58:12.906501Z' while content on disk has modification time of '2025-04-29T06:58:19.9876532Z'
Number of updated asset objects reloaded before import = 0
Number of asset objects unloaded after import = 0
========================================================================
Received Import Request.
  Time since last request: 0.001535 seconds.
  path: Assets/Tests/PlayMode/AI_Test.cs
  artifactKey: Guid(52171b06e05f3ab4ea34a70153b6e37d) Importer(815301076,1909f56bfc062723c751e8b465ee728b)
Start importing Assets/Tests/PlayMode/AI_Test.cs using Guid(52171b06e05f3ab4ea34a70153b6e37d) Importer(815301076,1909f56bfc062723c751e8b465ee728b) [PhysX] Initialized MultithreadedTaskDispatcher with 6 workers.
 -> (artifact id: '00000000000000000000000000000000') in 0.000398 seconds
Import Error Code:(4)
Message: Build asset version error: assets/tests/playmode/ai_test.cs in SourceAssetDB has modification time of '2025-04-29T06:58:12.906501Z' while content on disk has modification time of '2025-04-29T06:58:19.9876532Z'
  ERROR: Build asset version error: assets/tests/playmode/ai_test.cs in SourceAssetDB has modification time of '2025-04-29T06:58:12.906501Z' while content on disk has modification time of '2025-04-29T06:58:19.9876532Z'
Number of updated asset objects reloaded before import = 0
Number of asset objects unloaded after import = 0
========================================================================
Received Import Request.
  Time since last request: 0.001301 seconds.
  path: Assets/Tests/PlayMode/AI_Test.cs
  artifactKey: Guid(52171b06e05f3ab4ea34a70153b6e37d) Importer(815301076,1909f56bfc062723c751e8b465ee728b)
Start importing Assets/Tests/PlayMode/AI_Test.cs using Guid(52171b06e05f3ab4ea34a70153b6e37d) Importer(815301076,1909f56bfc062723c751e8b465ee728b) [PhysX] Initialized MultithreadedTaskDispatcher with 6 workers.
 -> (artifact id: '00000000000000000000000000000000') in 0.000343 seconds
Import Error Code:(4)
Message: Build asset version error: assets/tests/playmode/ai_test.cs in SourceAssetDB has modification time of '2025-04-29T06:58:12.906501Z' while content on disk has modification time of '2025-04-29T06:58:19.9876532Z'
  ERROR: Build asset version error: assets/tests/playmode/ai_test.cs in SourceAssetDB has modification time of '2025-04-29T06:58:12.906501Z' while content on disk has modification time of '2025-04-29T06:58:19.9876532Z'
Number of updated asset objects reloaded before import = 0
Number of asset objects unloaded after import = 0
========================================================================
Received Import Request.
  Time since last request: 0.001491 seconds.
  path: Assets/Tests/PlayMode/AI_Test.cs
  artifactKey: Guid(52171b06e05f3ab4ea34a70153b6e37d) Importer(815301076,1909f56bfc062723c751e8b465ee728b)
Start importing Assets/Tests/PlayMode/AI_Test.cs using Guid(52171b06e05f3ab4ea34a70153b6e37d) Importer(815301076,1909f56bfc062723c751e8b465ee728b) [PhysX] Initialized MultithreadedTaskDispatcher with 6 workers.
 -> (artifact id: '00000000000000000000000000000000') in 0.000338 seconds
Import Error Code:(4)
Message: Build asset version error: assets/tests/playmode/ai_test.cs in SourceAssetDB has modification time of '2025-04-29T06:58:12.906501Z' while content on disk has modification time of '2025-04-29T06:58:19.9876532Z'
  ERROR: Build asset version error: assets/tests/playmode/ai_test.cs in SourceAssetDB has modification time of '2025-04-29T06:58:12.906501Z' while content on disk has modification time of '2025-04-29T06:58:19.9876532Z'
Number of updated asset objects reloaded before import = 0
Number of asset objects unloaded after import = 0
========================================================================
Received Import Request.
  Time since last request: 0.001745 seconds.
  path: Assets/Tests/PlayMode/AI_Test.cs
  artifactKey: Guid(52171b06e05f3ab4ea34a70153b6e37d) Importer(815301076,1909f56bfc062723c751e8b465ee728b)
Start importing Assets/Tests/PlayMode/AI_Test.cs using Guid(52171b06e05f3ab4ea34a70153b6e37d) Importer(815301076,1909f56bfc062723c751e8b465ee728b) [PhysX] Initialized MultithreadedTaskDispatcher with 6 workers.
 -> (artifact id: '00000000000000000000000000000000') in 0.000361 seconds
Import Error Code:(4)
Message: Build asset version error: assets/tests/playmode/ai_test.cs in SourceAssetDB has modification time of '2025-04-29T06:58:12.906501Z' while content on disk has modification time of '2025-04-29T06:58:19.9876532Z'
  ERROR: Build asset version error: assets/tests/playmode/ai_test.cs in SourceAssetDB has modification time of '2025-04-29T06:58:12.906501Z' while content on disk has modification time of '2025-04-29T06:58:19.9876532Z'
Number of updated asset objects reloaded before import = 0
Number of asset objects unloaded after import = 0
========================================================================
Received Import Request.
  Time since last request: 0.001731 seconds.
  path: Assets/Tests/PlayMode/AI_Test.cs
  artifactKey: Guid(52171b06e05f3ab4ea34a70153b6e37d) Importer(815301076,1909f56bfc062723c751e8b465ee728b)
Start importing Assets/Tests/PlayMode/AI_Test.cs using Guid(52171b06e05f3ab4ea34a70153b6e37d) Importer(815301076,1909f56bfc062723c751e8b465ee728b) [PhysX] Initialized MultithreadedTaskDispatcher with 6 workers.
 -> (artifact id: '00000000000000000000000000000000') in 0.000354 seconds
Import Error Code:(4)
Message: Build asset version error: assets/tests/playmode/ai_test.cs in SourceAssetDB has modification time of '2025-04-29T06:58:12.906501Z' while content on disk has modification time of '2025-04-29T06:58:19.9876532Z'
  ERROR: Build asset version error: assets/tests/playmode/ai_test.cs in SourceAssetDB has modification time of '2025-04-29T06:58:12.906501Z' while content on disk has modification time of '2025-04-29T06:58:19.9876532Z'
Number of updated asset objects reloaded before import = 0
Number of asset objects unloaded after import = 0
========================================================================
Received Import Request.
  Time since last request: 0.001566 seconds.
  path: Assets/Tests/PlayMode/AI_Test.cs
  artifactKey: Guid(52171b06e05f3ab4ea34a70153b6e37d) Importer(815301076,1909f56bfc062723c751e8b465ee728b)
Start importing Assets/Tests/PlayMode/AI_Test.cs using Guid(52171b06e05f3ab4ea34a70153b6e37d) Importer(815301076,1909f56bfc062723c751e8b465ee728b) [PhysX] Initialized MultithreadedTaskDispatcher with 6 workers.
 -> (artifact id: '00000000000000000000000000000000') in 0.000363 seconds
Import Error Code:(4)
Message: Build asset version error: assets/tests/playmode/ai_test.cs in SourceAssetDB has modification time of '2025-04-29T06:58:12.906501Z' while content on disk has modification time of '2025-04-29T06:58:19.9876532Z'
  ERROR: Build asset version error: assets/tests/playmode/ai_test.cs in SourceAssetDB has modification time of '2025-04-29T06:58:12.906501Z' while content on disk has modification time of '2025-04-29T06:58:19.9876532Z'
Number of updated asset objects reloaded before import = 0
Number of asset objects unloaded after import = 0
========================================================================
Received Import Request.
  Time since last request: 0.001358 seconds.
  path: Assets/Tests/PlayMode/AI_Test.cs
  artifactKey: Guid(52171b06e05f3ab4ea34a70153b6e37d) Importer(815301076,1909f56bfc062723c751e8b465ee728b)
Start importing Assets/Tests/PlayMode/AI_Test.cs using Guid(52171b06e05f3ab4ea34a70153b6e37d) Importer(815301076,1909f56bfc062723c751e8b465ee728b) [PhysX] Initialized MultithreadedTaskDispatcher with 6 workers.
 -> (artifact id: '00000000000000000000000000000000') in 0.000489 seconds
Import Error Code:(4)
Message: Build asset version error: assets/tests/playmode/ai_test.cs in SourceAssetDB has modification time of '2025-04-29T06:58:12.906501Z' while content on disk has modification time of '2025-04-29T06:58:19.9876532Z'
  ERROR: Build asset version error: assets/tests/playmode/ai_test.cs in SourceAssetDB has modification time of '2025-04-29T06:58:12.906501Z' while content on disk has modification time of '2025-04-29T06:58:19.9876532Z'
Number of updated asset objects reloaded before import = 0
Number of asset objects unloaded after import = 0
========================================================================
Received Import Request.
  Time since last request: 0.001316 seconds.
  path: Assets/Tests/PlayMode/AI_Test.cs
  artifactKey: Guid(52171b06e05f3ab4ea34a70153b6e37d) Importer(815301076,1909f56bfc062723c751e8b465ee728b)
Start importing Assets/Tests/PlayMode/AI_Test.cs using Guid(52171b06e05f3ab4ea34a70153b6e37d) Importer(815301076,1909f56bfc062723c751e8b465ee728b) [PhysX] Initialized MultithreadedTaskDispatcher with 6 workers.
 -> (artifact id: '00000000000000000000000000000000') in 0.000389 seconds
Import Error Code:(4)
Message: Build asset version error: assets/tests/playmode/ai_test.cs in SourceAssetDB has modification time of '2025-04-29T06:58:12.906501Z' while content on disk has modification time of '2025-04-29T06:58:19.9876532Z'
  ERROR: Build asset version error: assets/tests/playmode/ai_test.cs in SourceAssetDB has modification time of '2025-04-29T06:58:12.906501Z' while content on disk has modification time of '2025-04-29T06:58:19.9876532Z'
Number of updated asset objects reloaded before import = 0
Number of asset objects unloaded after import = 0
========================================================================
Received Import Request.
  Time since last request: 0.001834 seconds.
  path: Assets/Tests/PlayMode/AI_Test.cs
  artifactKey: Guid(52171b06e05f3ab4ea34a70153b6e37d) Importer(815301076,1909f56bfc062723c751e8b465ee728b)
Start importing Assets/Tests/PlayMode/AI_Test.cs using Guid(52171b06e05f3ab4ea34a70153b6e37d) Importer(815301076,1909f56bfc062723c751e8b465ee728b) [PhysX] Initialized MultithreadedTaskDispatcher with 6 workers.
 -> (artifact id: '00000000000000000000000000000000') in 0.000330 seconds
Import Error Code:(4)
Message: Build asset version error: assets/tests/playmode/ai_test.cs in SourceAssetDB has modification time of '2025-04-29T06:58:12.906501Z' while content on disk has modification time of '2025-04-29T06:58:19.9876532Z'
  ERROR: Build asset version error: assets/tests/playmode/ai_test.cs in SourceAssetDB has modification time of '2025-04-29T06:58:12.906501Z' while content on disk has modification time of '2025-04-29T06:58:19.9876532Z'
Number of updated asset objects reloaded before import = 0
Number of asset objects unloaded after import = 0
========================================================================
Received Import Request.
  Time since last request: 0.001539 seconds.
  path: Assets/Tests/PlayMode/AI_Test.cs
  artifactKey: Guid(52171b06e05f3ab4ea34a70153b6e37d) Importer(815301076,1909f56bfc062723c751e8b465ee728b)
Start importing Assets/Tests/PlayMode/AI_Test.cs using Guid(52171b06e05f3ab4ea34a70153b6e37d) Importer(815301076,1909f56bfc062723c751e8b465ee728b) [PhysX] Initialized MultithreadedTaskDispatcher with 6 workers.
 -> (artifact id: '00000000000000000000000000000000') in 0.000368 seconds
Import Error Code:(4)
Message: Build asset version error: assets/tests/playmode/ai_test.cs in SourceAssetDB has modification time of '2025-04-29T06:58:12.906501Z' while content on disk has modification time of '2025-04-29T06:58:19.9876532Z'
  ERROR: Build asset version error: assets/tests/playmode/ai_test.cs in SourceAssetDB has modification time of '2025-04-29T06:58:12.906501Z' while content on disk has modification time of '2025-04-29T06:58:19.9876532Z'
Number of updated asset objects reloaded before import = 0
Number of asset objects unloaded after import = 0
========================================================================
Received Import Request.
  Time since last request: 0.001481 seconds.
  path: Assets/Tests/PlayMode/AI_Test.cs
  artifactKey: Guid(52171b06e05f3ab4ea34a70153b6e37d) Importer(815301076,1909f56bfc062723c751e8b465ee728b)
Start importing Assets/Tests/PlayMode/AI_Test.cs using Guid(52171b06e05f3ab4ea34a70153b6e37d) Importer(815301076,1909f56bfc062723c751e8b465ee728b) [PhysX] Initialized MultithreadedTaskDispatcher with 6 workers.
 -> (artifact id: '00000000000000000000000000000000') in 0.000380 seconds
Import Error Code:(4)
Message: Build asset version error: assets/tests/playmode/ai_test.cs in SourceAssetDB has modification time of '2025-04-29T06:58:12.906501Z' while content on disk has modification time of '2025-04-29T06:58:19.9876532Z'
  ERROR: Build asset version error: assets/tests/playmode/ai_test.cs in SourceAssetDB has modification time of '2025-04-29T06:58:12.906501Z' while content on disk has modification time of '2025-04-29T06:58:19.9876532Z'
Number of updated asset objects reloaded before import = 0
Number of asset objects unloaded after import = 0
========================================================================
Received Import Request.
  Time since last request: 0.001461 seconds.
  path: Assets/Tests/PlayMode/AI_Test.cs
  artifactKey: Guid(52171b06e05f3ab4ea34a70153b6e37d) Importer(815301076,1909f56bfc062723c751e8b465ee728b)
Start importing Assets/Tests/PlayMode/AI_Test.cs using Guid(52171b06e05f3ab4ea34a70153b6e37d) Importer(815301076,1909f56bfc062723c751e8b465ee728b) [PhysX] Initialized MultithreadedTaskDispatcher with 6 workers.
 -> (artifact id: '00000000000000000000000000000000') in 0.000328 seconds
Import Error Code:(4)
Message: Build asset version error: assets/tests/playmode/ai_test.cs in SourceAssetDB has modification time of '2025-04-29T06:58:12.906501Z' while content on disk has modification time of '2025-04-29T06:58:19.9876532Z'
  ERROR: Build asset version error: assets/tests/playmode/ai_test.cs in SourceAssetDB has modification time of '2025-04-29T06:58:12.906501Z' while content on disk has modification time of '2025-04-29T06:58:19.9876532Z'
Number of updated asset objects reloaded before import = 0
Number of asset objects unloaded after import = 0
========================================================================
Received Import Request.
  Time since last request: 0.001340 seconds.
  path: Assets/Tests/PlayMode/AI_Test.cs
  artifactKey: Guid(52171b06e05f3ab4ea34a70153b6e37d) Importer(815301076,1909f56bfc062723c751e8b465ee728b)
Start importing Assets/Tests/PlayMode/AI_Test.cs using Guid(52171b06e05f3ab4ea34a70153b6e37d) Importer(815301076,1909f56bfc062723c751e8b465ee728b) [PhysX] Initialized MultithreadedTaskDispatcher with 6 workers.
 -> (artifact id: '00000000000000000000000000000000') in 0.000338 seconds
Import Error Code:(4)
Message: Build asset version error: assets/tests/playmode/ai_test.cs in SourceAssetDB has modification time of '2025-04-29T06:58:12.906501Z' while content on disk has modification time of '2025-04-29T06:58:19.9876532Z'
  ERROR: Build asset version error: assets/tests/playmode/ai_test.cs in SourceAssetDB has modification time of '2025-04-29T06:58:12.906501Z' while content on disk has modification time of '2025-04-29T06:58:19.9876532Z'
Number of updated asset objects reloaded before import = 0
Number of asset objects unloaded after import = 0
========================================================================
Received Import Request.
  Time since last request: 0.001438 seconds.
  path: Assets/Tests/PlayMode/AI_Test.cs
  artifactKey: Guid(52171b06e05f3ab4ea34a70153b6e37d) Importer(815301076,1909f56bfc062723c751e8b465ee728b)
Start importing Assets/Tests/PlayMode/AI_Test.cs using Guid(52171b06e05f3ab4ea34a70153b6e37d) Importer(815301076,1909f56bfc062723c751e8b465ee728b) [PhysX] Initialized MultithreadedTaskDispatcher with 6 workers.
 -> (artifact id: '00000000000000000000000000000000') in 0.000355 seconds
Import Error Code:(4)
Message: Build asset version error: assets/tests/playmode/ai_test.cs in SourceAssetDB has modification time of '2025-04-29T06:58:12.906501Z' while content on disk has modification time of '2025-04-29T06:58:19.9876532Z'
  ERROR: Build asset version error: assets/tests/playmode/ai_test.cs in SourceAssetDB has modification time of '2025-04-29T06:58:12.906501Z' while content on disk has modification time of '2025-04-29T06:58:19.9876532Z'
Number of updated asset objects reloaded before import = 0
Number of asset objects unloaded after import = 0
========================================================================
Received Import Request.
  Time since last request: 0.000969 seconds.
  path: Assets/Tests/PlayMode/AI_Test.cs
  artifactKey: Guid(52171b06e05f3ab4ea34a70153b6e37d) Importer(815301076,1909f56bfc062723c751e8b465ee728b)
Start importing Assets/Tests/PlayMode/AI_Test.cs using Guid(52171b06e05f3ab4ea34a70153b6e37d) Importer(815301076,1909f56bfc062723c751e8b465ee728b) [PhysX] Initialized MultithreadedTaskDispatcher with 6 workers.
 -> (artifact id: '00000000000000000000000000000000') in 0.000334 seconds
Import Error Code:(4)
Message: Build asset version error: assets/tests/playmode/ai_test.cs in SourceAssetDB has modification time of '2025-04-29T06:58:12.906501Z' while content on disk has modification time of '2025-04-29T06:58:19.9876532Z'
  ERROR: Build asset version error: assets/tests/playmode/ai_test.cs in SourceAssetDB has modification time of '2025-04-29T06:58:12.906501Z' while content on disk has modification time of '2025-04-29T06:58:19.9876532Z'
Number of updated asset objects reloaded before import = 0
Number of asset objects unloaded after import = 0
========================================================================
Received Import Request.
  Time since last request: 0.001260 seconds.
  path: Assets/Tests/PlayMode/AI_Test.cs
  artifactKey: Guid(52171b06e05f3ab4ea34a70153b6e37d) Importer(815301076,1909f56bfc062723c751e8b465ee728b)
Start importing Assets/Tests/PlayMode/AI_Test.cs using Guid(52171b06e05f3ab4ea34a70153b6e37d) Importer(815301076,1909f56bfc062723c751e8b465ee728b) [PhysX] Initialized MultithreadedTaskDispatcher with 6 workers.
 -> (artifact id: '00000000000000000000000000000000') in 0.000342 seconds
Import Error Code:(4)
Message: Build asset version error: assets/tests/playmode/ai_test.cs in SourceAssetDB has modification time of '2025-04-29T06:58:12.906501Z' while content on disk has modification time of '2025-04-29T06:58:19.9876532Z'
  ERROR: Build asset version error: assets/tests/playmode/ai_test.cs in SourceAssetDB has modification time of '2025-04-29T06:58:12.906501Z' while content on disk has modification time of '2025-04-29T06:58:19.9876532Z'
Number of updated asset objects reloaded before import = 0
Number of asset objects unloaded after import = 0
========================================================================
Received Import Request.
  Time since last request: 0.001158 seconds.
  path: Assets/Tests/PlayMode/AI_Test.cs
  artifactKey: Guid(52171b06e05f3ab4ea34a70153b6e37d) Importer(815301076,1909f56bfc062723c751e8b465ee728b)
Start importing Assets/Tests/PlayMode/AI_Test.cs using Guid(52171b06e05f3ab4ea34a70153b6e37d) Importer(815301076,1909f56bfc062723c751e8b465ee728b) [PhysX] Initialized MultithreadedTaskDispatcher with 6 workers.
 -> (artifact id: '00000000000000000000000000000000') in 0.000372 seconds
Import Error Code:(4)
Message: Build asset version error: assets/tests/playmode/ai_test.cs in SourceAssetDB has modification time of '2025-04-29T06:58:12.906501Z' while content on disk has modification time of '2025-04-29T06:58:19.9876532Z'
  ERROR: Build asset version error: assets/tests/playmode/ai_test.cs in SourceAssetDB has modification time of '2025-04-29T06:58:12.906501Z' while content on disk has modification time of '2025-04-29T06:58:19.9876532Z'
Number of updated asset objects reloaded before import = 0
Number of asset objects unloaded after import = 0
========================================================================
Received Import Request.
  Time since last request: 0.001037 seconds.
  path: Assets/Tests/PlayMode/AI_Test.cs
  artifactKey: Guid(52171b06e05f3ab4ea34a70153b6e37d) Importer(815301076,1909f56bfc062723c751e8b465ee728b)
Start importing Assets/Tests/PlayMode/AI_Test.cs using Guid(52171b06e05f3ab4ea34a70153b6e37d) Importer(815301076,1909f56bfc062723c751e8b465ee728b) [PhysX] Initialized MultithreadedTaskDispatcher with 6 workers.
 -> (artifact id: '00000000000000000000000000000000') in 0.000348 seconds
Import Error Code:(4)
Message: Build asset version error: assets/tests/playmode/ai_test.cs in SourceAssetDB has modification time of '2025-04-29T06:58:12.906501Z' while content on disk has modification time of '2025-04-29T06:58:19.9876532Z'
  ERROR: Build asset version error: assets/tests/playmode/ai_test.cs in SourceAssetDB has modification time of '2025-04-29T06:58:12.906501Z' while content on disk has modification time of '2025-04-29T06:58:19.9876532Z'
Number of updated asset objects reloaded before import = 0
Number of asset objects unloaded after import = 0
========================================================================
Received Import Request.
  Time since last request: 0.001321 seconds.
  path: Assets/Tests/PlayMode/AI_Test.cs
  artifactKey: Guid(52171b06e05f3ab4ea34a70153b6e37d) Importer(815301076,1909f56bfc062723c751e8b465ee728b)
Start importing Assets/Tests/PlayMode/AI_Test.cs using Guid(52171b06e05f3ab4ea34a70153b6e37d) Importer(815301076,1909f56bfc062723c751e8b465ee728b) [PhysX] Initialized MultithreadedTaskDispatcher with 6 workers.
 -> (artifact id: '00000000000000000000000000000000') in 0.000332 seconds
Import Error Code:(4)
Message: Build asset version error: assets/tests/playmode/ai_test.cs in SourceAssetDB has modification time of '2025-04-29T06:58:12.906501Z' while content on disk has modification time of '2025-04-29T06:58:19.9876532Z'
  ERROR: Build asset version error: assets/tests/playmode/ai_test.cs in SourceAssetDB has modification time of '2025-04-29T06:58:12.906501Z' while content on disk has modification time of '2025-04-29T06:58:19.9876532Z'
Number of updated asset objects reloaded before import = 0
Number of asset objects unloaded after import = 0
========================================================================
Received Import Request.
  Time since last request: 0.001170 seconds.
  path: Assets/Tests/PlayMode/AI_Test.cs
  artifactKey: Guid(52171b06e05f3ab4ea34a70153b6e37d) Importer(815301076,1909f56bfc062723c751e8b465ee728b)
Start importing Assets/Tests/PlayMode/AI_Test.cs using Guid(52171b06e05f3ab4ea34a70153b6e37d) Importer(815301076,1909f56bfc062723c751e8b465ee728b) [PhysX] Initialized MultithreadedTaskDispatcher with 6 workers.
 -> (artifact id: '00000000000000000000000000000000') in 0.000340 seconds
Import Error Code:(4)
Message: Build asset version error: assets/tests/playmode/ai_test.cs in SourceAssetDB has modification time of '2025-04-29T06:58:12.906501Z' while content on disk has modification time of '2025-04-29T06:58:19.9876532Z'
  ERROR: Build asset version error: assets/tests/playmode/ai_test.cs in SourceAssetDB has modification time of '2025-04-29T06:58:12.906501Z' while content on disk has modification time of '2025-04-29T06:58:19.9876532Z'
Number of updated asset objects reloaded before import = 0
Number of asset objects unloaded after import = 0
========================================================================
Received Import Request.
  Time since last request: 0.001259 seconds.
  path: Assets/Tests/PlayMode/AI_Test.cs
  artifactKey: Guid(52171b06e05f3ab4ea34a70153b6e37d) Importer(815301076,1909f56bfc062723c751e8b465ee728b)
Start importing Assets/Tests/PlayMode/AI_Test.cs using Guid(52171b06e05f3ab4ea34a70153b6e37d) Importer(815301076,1909f56bfc062723c751e8b465ee728b) [PhysX] Initialized MultithreadedTaskDispatcher with 6 workers.
 -> (artifact id: '00000000000000000000000000000000') in 0.000342 seconds
Import Error Code:(4)
Message: Build asset version error: assets/tests/playmode/ai_test.cs in SourceAssetDB has modification time of '2025-04-29T06:58:12.906501Z' while content on disk has modification time of '2025-04-29T06:58:19.9876532Z'
  ERROR: Build asset version error: assets/tests/playmode/ai_test.cs in SourceAssetDB has modification time of '2025-04-29T06:58:12.906501Z' while content on disk has modification time of '2025-04-29T06:58:19.9876532Z'
Number of updated asset objects reloaded before import = 0
Number of asset objects unloaded after import = 0
========================================================================
Received Import Request.
  Time since last request: 0.001250 seconds.
  path: Assets/Tests/PlayMode/AI_Test.cs
  artifactKey: Guid(52171b06e05f3ab4ea34a70153b6e37d) Importer(815301076,1909f56bfc062723c751e8b465ee728b)
Start importing Assets/Tests/PlayMode/AI_Test.cs using Guid(52171b06e05f3ab4ea34a70153b6e37d) Importer(815301076,1909f56bfc062723c751e8b465ee728b) [PhysX] Initialized MultithreadedTaskDispatcher with 6 workers.
 -> (artifact id: '00000000000000000000000000000000') in 0.000376 seconds
Import Error Code:(4)
Message: Build asset version error: assets/tests/playmode/ai_test.cs in SourceAssetDB has modification time of '2025-04-29T06:58:12.906501Z' while content on disk has modification time of '2025-04-29T06:58:19.9876532Z'
  ERROR: Build asset version error: assets/tests/playmode/ai_test.cs in SourceAssetDB has modification time of '2025-04-29T06:58:12.906501Z' while content on disk has modification time of '2025-04-29T06:58:19.9876532Z'
Number of updated asset objects reloaded before import = 0
Number of asset objects unloaded after import = 0
========================================================================
Received Import Request.
  Time since last request: 0.001305 seconds.
  path: Assets/Tests/PlayMode/AI_Test.cs
  artifactKey: Guid(52171b06e05f3ab4ea34a70153b6e37d) Importer(815301076,1909f56bfc062723c751e8b465ee728b)
Start importing Assets/Tests/PlayMode/AI_Test.cs using Guid(52171b06e05f3ab4ea34a70153b6e37d) Importer(815301076,1909f56bfc062723c751e8b465ee728b) [PhysX] Initialized MultithreadedTaskDispatcher with 6 workers.
 -> (artifact id: '00000000000000000000000000000000') in 0.000336 seconds
Import Error Code:(4)
Message: Build asset version error: assets/tests/playmode/ai_test.cs in SourceAssetDB has modification time of '2025-04-29T06:58:12.906501Z' while content on disk has modification time of '2025-04-29T06:58:19.9876532Z'
  ERROR: Build asset version error: assets/tests/playmode/ai_test.cs in SourceAssetDB has modification time of '2025-04-29T06:58:12.906501Z' while content on disk has modification time of '2025-04-29T06:58:19.9876532Z'
Number of updated asset objects reloaded before import = 0
Number of asset objects unloaded after import = 0
========================================================================
Received Import Request.
  Time since last request: 0.001289 seconds.
  path: Assets/Tests/PlayMode/AI_Test.cs
  artifactKey: Guid(52171b06e05f3ab4ea34a70153b6e37d) Importer(815301076,1909f56bfc062723c751e8b465ee728b)
Start importing Assets/Tests/PlayMode/AI_Test.cs using Guid(52171b06e05f3ab4ea34a70153b6e37d) Importer(815301076,1909f56bfc062723c751e8b465ee728b) [PhysX] Initialized MultithreadedTaskDispatcher with 6 workers.
 -> (artifact id: '00000000000000000000000000000000') in 0.000360 seconds
Import Error Code:(4)
Message: Build asset version error: assets/tests/playmode/ai_test.cs in SourceAssetDB has modification time of '2025-04-29T06:58:12.906501Z' while content on disk has modification time of '2025-04-29T06:58:19.9876532Z'
  ERROR: Build asset version error: assets/tests/playmode/ai_test.cs in SourceAssetDB has modification time of '2025-04-29T06:58:12.906501Z' while content on disk has modification time of '2025-04-29T06:58:19.9876532Z'
Number of updated asset objects reloaded before import = 0
Number of asset objects unloaded after import = 0
========================================================================
Received Import Request.
  Time since last request: 0.001198 seconds.
  path: Assets/Tests/PlayMode/AI_Test.cs
  artifactKey: Guid(52171b06e05f3ab4ea34a70153b6e37d) Importer(815301076,1909f56bfc062723c751e8b465ee728b)
Start importing Assets/Tests/PlayMode/AI_Test.cs using Guid(52171b06e05f3ab4ea34a70153b6e37d) Importer(815301076,1909f56bfc062723c751e8b465ee728b) [PhysX] Initialized MultithreadedTaskDispatcher with 6 workers.
 -> (artifact id: '00000000000000000000000000000000') in 0.000338 seconds
Import Error Code:(4)
Message: Build asset version error: assets/tests/playmode/ai_test.cs in SourceAssetDB has modification time of '2025-04-29T06:58:12.906501Z' while content on disk has modification time of '2025-04-29T06:58:19.9876532Z'
  ERROR: Build asset version error: assets/tests/playmode/ai_test.cs in SourceAssetDB has modification time of '2025-04-29T06:58:12.906501Z' while content on disk has modification time of '2025-04-29T06:58:19.9876532Z'
Number of updated asset objects reloaded before import = 0
Number of asset objects unloaded after import = 0
========================================================================
Received Import Request.
  Time since last request: 0.001225 seconds.
  path: Assets/Tests/PlayMode/AI_Test.cs
  artifactKey: Guid(52171b06e05f3ab4ea34a70153b6e37d) Importer(815301076,1909f56bfc062723c751e8b465ee728b)
Start importing Assets/Tests/PlayMode/AI_Test.cs using Guid(52171b06e05f3ab4ea34a70153b6e37d) Importer(815301076,1909f56bfc062723c751e8b465ee728b) [PhysX] Initialized MultithreadedTaskDispatcher with 6 workers.
 -> (artifact id: '00000000000000000000000000000000') in 0.000350 seconds
Import Error Code:(4)
Message: Build asset version error: assets/tests/playmode/ai_test.cs in SourceAssetDB has modification time of '2025-04-29T06:58:12.906501Z' while content on disk has modification time of '2025-04-29T06:58:19.9876532Z'
  ERROR: Build asset version error: assets/tests/playmode/ai_test.cs in SourceAssetDB has modification time of '2025-04-29T06:58:12.906501Z' while content on disk has modification time of '2025-04-29T06:58:19.9876532Z'
Number of updated asset objects reloaded before import = 0
Number of asset objects unloaded after import = 0
========================================================================
Received Import Request.
  Time since last request: 0.001710 seconds.
  path: Assets/Tests/PlayMode/AI_Test.cs
  artifactKey: Guid(52171b06e05f3ab4ea34a70153b6e37d) Importer(815301076,1909f56bfc062723c751e8b465ee728b)
Start importing Assets/Tests/PlayMode/AI_Test.cs using Guid(52171b06e05f3ab4ea34a70153b6e37d) Importer(815301076,1909f56bfc062723c751e8b465ee728b) [PhysX] Initialized MultithreadedTaskDispatcher with 6 workers.
 -> (artifact id: '00000000000000000000000000000000') in 0.000415 seconds
Import Error Code:(4)
Message: Build asset version error: assets/tests/playmode/ai_test.cs in SourceAssetDB has modification time of '2025-04-29T06:58:12.906501Z' while content on disk has modification time of '2025-04-29T06:58:19.9876532Z'
  ERROR: Build asset version error: assets/tests/playmode/ai_test.cs in SourceAssetDB has modification time of '2025-04-29T06:58:12.906501Z' while content on disk has modification time of '2025-04-29T06:58:19.9876532Z'
Number of updated asset objects reloaded before import = 0
Number of asset objects unloaded after import = 0
========================================================================
Received Import Request.
  Time since last request: 0.000915 seconds.
  path: Assets/Tests/PlayMode/AI_Test.cs
  artifactKey: Guid(52171b06e05f3ab4ea34a70153b6e37d) Importer(815301076,1909f56bfc062723c751e8b465ee728b)
Start importing Assets/Tests/PlayMode/AI_Test.cs using Guid(52171b06e05f3ab4ea34a70153b6e37d) Importer(815301076,1909f56bfc062723c751e8b465ee728b) [PhysX] Initialized MultithreadedTaskDispatcher with 6 workers.
 -> (artifact id: '00000000000000000000000000000000') in 0.000361 seconds
Import Error Code:(4)
Message: Build asset version error: assets/tests/playmode/ai_test.cs in SourceAssetDB has modification time of '2025-04-29T06:58:12.906501Z' while content on disk has modification time of '2025-04-29T06:58:19.9876532Z'
  ERROR: Build asset version error: assets/tests/playmode/ai_test.cs in SourceAssetDB has modification time of '2025-04-29T06:58:12.906501Z' while content on disk has modification time of '2025-04-29T06:58:19.9876532Z'
Number of updated asset objects reloaded before import = 0
Number of asset objects unloaded after import = 0
========================================================================
Received Import Request.
  Time since last request: 0.001132 seconds.
  path: Assets/Tests/PlayMode/AI_Test.cs
  artifactKey: Guid(52171b06e05f3ab4ea34a70153b6e37d) Importer(815301076,1909f56bfc062723c751e8b465ee728b)
Start importing Assets/Tests/PlayMode/AI_Test.cs using Guid(52171b06e05f3ab4ea34a70153b6e37d) Importer(815301076,1909f56bfc062723c751e8b465ee728b) [PhysX] Initialized MultithreadedTaskDispatcher with 6 workers.
 -> (artifact id: '00000000000000000000000000000000') in 0.000348 seconds
Import Error Code:(4)
Message: Build asset version error: assets/tests/playmode/ai_test.cs in SourceAssetDB has modification time of '2025-04-29T06:58:12.906501Z' while content on disk has modification time of '2025-04-29T06:58:19.9876532Z'
  ERROR: Build asset version error: assets/tests/playmode/ai_test.cs in SourceAssetDB has modification time of '2025-04-29T06:58:12.906501Z' while content on disk has modification time of '2025-04-29T06:58:19.9876532Z'
Number of updated asset objects reloaded before import = 0
Number of asset objects unloaded after import = 0
========================================================================
Received Import Request.
  Time since last request: 0.001232 seconds.
  path: Assets/Tests/PlayMode/AI_Test.cs
  artifactKey: Guid(52171b06e05f3ab4ea34a70153b6e37d) Importer(815301076,1909f56bfc062723c751e8b465ee728b)
Start importing Assets/Tests/PlayMode/AI_Test.cs using Guid(52171b06e05f3ab4ea34a70153b6e37d) Importer(815301076,1909f56bfc062723c751e8b465ee728b) [PhysX] Initialized MultithreadedTaskDispatcher with 6 workers.
 -> (artifact id: '00000000000000000000000000000000') in 0.000340 seconds
Import Error Code:(4)
Message: Build asset version error: assets/tests/playmode/ai_test.cs in SourceAssetDB has modification time of '2025-04-29T06:58:12.906501Z' while content on disk has modification time of '2025-04-29T06:58:19.9876532Z'
  ERROR: Build asset version error: assets/tests/playmode/ai_test.cs in SourceAssetDB has modification time of '2025-04-29T06:58:12.906501Z' while content on disk has modification time of '2025-04-29T06:58:19.9876532Z'
Number of updated asset objects reloaded before import = 0
Number of asset objects unloaded after import = 0
========================================================================
Received Import Request.
  Time since last request: 0.001397 seconds.
  path: Assets/Tests/PlayMode/AI_Test.cs
  artifactKey: Guid(52171b06e05f3ab4ea34a70153b6e37d) Importer(815301076,1909f56bfc062723c751e8b465ee728b)
Start importing Assets/Tests/PlayMode/AI_Test.cs using Guid(52171b06e05f3ab4ea34a70153b6e37d) Importer(815301076,1909f56bfc062723c751e8b465ee728b) [PhysX] Initialized MultithreadedTaskDispatcher with 6 workers.
 -> (artifact id: '00000000000000000000000000000000') in 0.000376 seconds
Import Error Code:(4)
Message: Build asset version error: assets/tests/playmode/ai_test.cs in SourceAssetDB has modification time of '2025-04-29T06:58:12.906501Z' while content on disk has modification time of '2025-04-29T06:58:19.9876532Z'
  ERROR: Build asset version error: assets/tests/playmode/ai_test.cs in SourceAssetDB has modification time of '2025-04-29T06:58:12.906501Z' while content on disk has modification time of '2025-04-29T06:58:19.9876532Z'
Number of updated asset objects reloaded before import = 0
Number of asset objects unloaded after import = 0
========================================================================
Received Import Request.
  Time since last request: 0.001417 seconds.
  path: Assets/Tests/PlayMode/AI_Test.cs
  artifactKey: Guid(52171b06e05f3ab4ea34a70153b6e37d) Importer(815301076,1909f56bfc062723c751e8b465ee728b)
Start importing Assets/Tests/PlayMode/AI_Test.cs using Guid(52171b06e05f3ab4ea34a70153b6e37d) Importer(815301076,1909f56bfc062723c751e8b465ee728b) [PhysX] Initialized MultithreadedTaskDispatcher with 6 workers.
 -> (artifact id: '00000000000000000000000000000000') in 0.000373 seconds
Import Error Code:(4)
Message: Build asset version error: assets/tests/playmode/ai_test.cs in SourceAssetDB has modification time of '2025-04-29T06:58:12.906501Z' while content on disk has modification time of '2025-04-29T06:58:19.9876532Z'
  ERROR: Build asset version error: assets/tests/playmode/ai_test.cs in SourceAssetDB has modification time of '2025-04-29T06:58:12.906501Z' while content on disk has modification time of '2025-04-29T06:58:19.9876532Z'
Number of updated asset objects reloaded before import = 0
Number of asset objects unloaded after import = 0
========================================================================
Received Import Request.
  Time since last request: 0.001535 seconds.
  path: Assets/Tests/PlayMode/AI_Test.cs
  artifactKey: Guid(52171b06e05f3ab4ea34a70153b6e37d) Importer(815301076,1909f56bfc062723c751e8b465ee728b)
Start importing Assets/Tests/PlayMode/AI_Test.cs using Guid(52171b06e05f3ab4ea34a70153b6e37d) Importer(815301076,1909f56bfc062723c751e8b465ee728b) [PhysX] Initialized MultithreadedTaskDispatcher with 6 workers.
 -> (artifact id: '00000000000000000000000000000000') in 0.000383 seconds
Import Error Code:(4)
Message: Build asset version error: assets/tests/playmode/ai_test.cs in SourceAssetDB has modification time of '2025-04-29T06:58:12.906501Z' while content on disk has modification time of '2025-04-29T06:58:19.9876532Z'
  ERROR: Build asset version error: assets/tests/playmode/ai_test.cs in SourceAssetDB has modification time of '2025-04-29T06:58:12.906501Z' while content on disk has modification time of '2025-04-29T06:58:19.9876532Z'
Number of updated asset objects reloaded before import = 0
Number of asset objects unloaded after import = 0
========================================================================
Received Import Request.
  Time since last request: 0.001223 seconds.
  path: Assets/Tests/PlayMode/AI_Test.cs
  artifactKey: Guid(52171b06e05f3ab4ea34a70153b6e37d) Importer(815301076,1909f56bfc062723c751e8b465ee728b)
Start importing Assets/Tests/PlayMode/AI_Test.cs using Guid(52171b06e05f3ab4ea34a70153b6e37d) Importer(815301076,1909f56bfc062723c751e8b465ee728b) [PhysX] Initialized MultithreadedTaskDispatcher with 6 workers.
 -> (artifact id: '00000000000000000000000000000000') in 0.000358 seconds
Import Error Code:(4)
Message: Build asset version error: assets/tests/playmode/ai_test.cs in SourceAssetDB has modification time of '2025-04-29T06:58:12.906501Z' while content on disk has modification time of '2025-04-29T06:58:19.9876532Z'
  ERROR: Build asset version error: assets/tests/playmode/ai_test.cs in SourceAssetDB has modification time of '2025-04-29T06:58:12.906501Z' while content on disk has modification time of '2025-04-29T06:58:19.9876532Z'
Number of updated asset objects reloaded before import = 0
Number of asset objects unloaded after import = 0
========================================================================
Received Import Request.
  Time since last request: 0.001145 seconds.
  path: Assets/Tests/PlayMode/AI_Test.cs
  artifactKey: Guid(52171b06e05f3ab4ea34a70153b6e37d) Importer(815301076,1909f56bfc062723c751e8b465ee728b)
Start importing Assets/Tests/PlayMode/AI_Test.cs using Guid(52171b06e05f3ab4ea34a70153b6e37d) Importer(815301076,1909f56bfc062723c751e8b465ee728b) [PhysX] Initialized MultithreadedTaskDispatcher with 6 workers.
 -> (artifact id: '00000000000000000000000000000000') in 0.000340 seconds
Import Error Code:(4)
Message: Build asset version error: assets/tests/playmode/ai_test.cs in SourceAssetDB has modification time of '2025-04-29T06:58:12.906501Z' while content on disk has modification time of '2025-04-29T06:58:19.9876532Z'
  ERROR: Build asset version error: assets/tests/playmode/ai_test.cs in SourceAssetDB has modification time of '2025-04-29T06:58:12.906501Z' while content on disk has modification time of '2025-04-29T06:58:19.9876532Z'
Number of updated asset objects reloaded before import = 0
Number of asset objects unloaded after import = 0
========================================================================
Received Import Request.
  Time since last request: 0.001029 seconds.
  path: Assets/Tests/PlayMode/AI_Test.cs
  artifactKey: Guid(52171b06e05f3ab4ea34a70153b6e37d) Importer(815301076,1909f56bfc062723c751e8b465ee728b)
Start importing Assets/Tests/PlayMode/AI_Test.cs using Guid(52171b06e05f3ab4ea34a70153b6e37d) Importer(815301076,1909f56bfc062723c751e8b465ee728b) [PhysX] Initialized MultithreadedTaskDispatcher with 6 workers.
 -> (artifact id: '00000000000000000000000000000000') in 0.000354 seconds
Import Error Code:(4)
Message: Build asset version error: assets/tests/playmode/ai_test.cs in SourceAssetDB has modification time of '2025-04-29T06:58:12.906501Z' while content on disk has modification time of '2025-04-29T06:58:19.9876532Z'
  ERROR: Build asset version error: assets/tests/playmode/ai_test.cs in SourceAssetDB has modification time of '2025-04-29T06:58:12.906501Z' while content on disk has modification time of '2025-04-29T06:58:19.9876532Z'
Number of updated asset objects reloaded before import = 0
Number of asset objects unloaded after import = 0
========================================================================
Received Import Request.
  Time since last request: 0.001113 seconds.
  path: Assets/Tests/PlayMode/AI_Test.cs
  artifactKey: Guid(52171b06e05f3ab4ea34a70153b6e37d) Importer(815301076,1909f56bfc062723c751e8b465ee728b)
Start importing Assets/Tests/PlayMode/AI_Test.cs using Guid(52171b06e05f3ab4ea34a70153b6e37d) Importer(815301076,1909f56bfc062723c751e8b465ee728b) [PhysX] Initialized MultithreadedTaskDispatcher with 6 workers.
 -> (artifact id: '00000000000000000000000000000000') in 0.000326 seconds
Import Error Code:(4)
Message: Build asset version error: assets/tests/playmode/ai_test.cs in SourceAssetDB has modification time of '2025-04-29T06:58:12.906501Z' while content on disk has modification time of '2025-04-29T06:58:19.9876532Z'
  ERROR: Build asset version error: assets/tests/playmode/ai_test.cs in SourceAssetDB has modification time of '2025-04-29T06:58:12.906501Z' while content on disk has modification time of '2025-04-29T06:58:19.9876532Z'
Number of updated asset objects reloaded before import = 0
Number of asset objects unloaded after import = 0
========================================================================
Received Import Request.
  Time since last request: 0.001285 seconds.
  path: Assets/Tests/PlayMode/AI_Test.cs
  artifactKey: Guid(52171b06e05f3ab4ea34a70153b6e37d) Importer(815301076,1909f56bfc062723c751e8b465ee728b)
Start importing Assets/Tests/PlayMode/AI_Test.cs using Guid(52171b06e05f3ab4ea34a70153b6e37d) Importer(815301076,1909f56bfc062723c751e8b465ee728b) [PhysX] Initialized MultithreadedTaskDispatcher with 6 workers.
 -> (artifact id: '00000000000000000000000000000000') in 0.000339 seconds
Import Error Code:(4)
Message: Build asset version error: assets/tests/playmode/ai_test.cs in SourceAssetDB has modification time of '2025-04-29T06:58:12.906501Z' while content on disk has modification time of '2025-04-29T06:58:19.9876532Z'
  ERROR: Build asset version error: assets/tests/playmode/ai_test.cs in SourceAssetDB has modification time of '2025-04-29T06:58:12.906501Z' while content on disk has modification time of '2025-04-29T06:58:19.9876532Z'
Number of updated asset objects reloaded before import = 0
Number of asset objects unloaded after import = 0
========================================================================
Received Import Request.
  Time since last request: 0.001240 seconds.
  path: Assets/Tests/PlayMode/AI_Test.cs
  artifactKey: Guid(52171b06e05f3ab4ea34a70153b6e37d) Importer(815301076,1909f56bfc062723c751e8b465ee728b)
Start importing Assets/Tests/PlayMode/AI_Test.cs using Guid(52171b06e05f3ab4ea34a70153b6e37d) Importer(815301076,1909f56bfc062723c751e8b465ee728b) [PhysX] Initialized MultithreadedTaskDispatcher with 6 workers.
 -> (artifact id: '00000000000000000000000000000000') in 0.000371 seconds
Import Error Code:(4)
Message: Build asset version error: assets/tests/playmode/ai_test.cs in SourceAssetDB has modification time of '2025-04-29T06:58:12.906501Z' while content on disk has modification time of '2025-04-29T06:58:19.9876532Z'
  ERROR: Build asset version error: assets/tests/playmode/ai_test.cs in SourceAssetDB has modification time of '2025-04-29T06:58:12.906501Z' while content on disk has modification time of '2025-04-29T06:58:19.9876532Z'
Number of updated asset objects reloaded before import = 0
Number of asset objects unloaded after import = 0
========================================================================
Received Import Request.
  Time since last request: 0.000994 seconds.
  path: Assets/Tests/PlayMode/AI_Test.cs
  artifactKey: Guid(52171b06e05f3ab4ea34a70153b6e37d) Importer(815301076,1909f56bfc062723c751e8b465ee728b)
Start importing Assets/Tests/PlayMode/AI_Test.cs using Guid(52171b06e05f3ab4ea34a70153b6e37d) Importer(815301076,1909f56bfc062723c751e8b465ee728b) [PhysX] Initialized MultithreadedTaskDispatcher with 6 workers.
 -> (artifact id: '00000000000000000000000000000000') in 0.000419 seconds
Import Error Code:(4)
Message: Build asset version error: assets/tests/playmode/ai_test.cs in SourceAssetDB has modification time of '2025-04-29T06:58:12.906501Z' while content on disk has modification time of '2025-04-29T06:58:19.9876532Z'
  ERROR: Build asset version error: assets/tests/playmode/ai_test.cs in SourceAssetDB has modification time of '2025-04-29T06:58:12.906501Z' while content on disk has modification time of '2025-04-29T06:58:19.9876532Z'
Number of updated asset objects reloaded before import = 0
Number of asset objects unloaded after import = 0
========================================================================
Received Import Request.
  Time since last request: 0.001359 seconds.
  path: Assets/Tests/PlayMode/AI_Test.cs
  artifactKey: Guid(52171b06e05f3ab4ea34a70153b6e37d) Importer(815301076,1909f56bfc062723c751e8b465ee728b)
Start importing Assets/Tests/PlayMode/AI_Test.cs using Guid(52171b06e05f3ab4ea34a70153b6e37d) Importer(815301076,1909f56bfc062723c751e8b465ee728b) [PhysX] Initialized MultithreadedTaskDispatcher with 6 workers.
 -> (artifact id: '00000000000000000000000000000000') in 0.000337 seconds
Import Error Code:(4)
Message: Build asset version error: assets/tests/playmode/ai_test.cs in SourceAssetDB has modification time of '2025-04-29T06:58:12.906501Z' while content on disk has modification time of '2025-04-29T06:58:19.9876532Z'
  ERROR: Build asset version error: assets/tests/playmode/ai_test.cs in SourceAssetDB has modification time of '2025-04-29T06:58:12.906501Z' while content on disk has modification time of '2025-04-29T06:58:19.9876532Z'
Number of updated asset objects reloaded before import = 0
Number of asset objects unloaded after import = 0
========================================================================
Received Import Request.
  Time since last request: 0.001182 seconds.
  path: Assets/Tests/PlayMode/AI_Test.cs
  artifactKey: Guid(52171b06e05f3ab4ea34a70153b6e37d) Importer(815301076,1909f56bfc062723c751e8b465ee728b)
Start importing Assets/Tests/PlayMode/AI_Test.cs using Guid(52171b06e05f3ab4ea34a70153b6e37d) Importer(815301076,1909f56bfc062723c751e8b465ee728b) [PhysX] Initialized MultithreadedTaskDispatcher with 6 workers.
 -> (artifact id: '00000000000000000000000000000000') in 0.000365 seconds
Import Error Code:(4)
Message: Build asset version error: assets/tests/playmode/ai_test.cs in SourceAssetDB has modification time of '2025-04-29T06:58:12.906501Z' while content on disk has modification time of '2025-04-29T06:58:19.9876532Z'
  ERROR: Build asset version error: assets/tests/playmode/ai_test.cs in SourceAssetDB has modification time of '2025-04-29T06:58:12.906501Z' while content on disk has modification time of '2025-04-29T06:58:19.9876532Z'
Number of updated asset objects reloaded before import = 0
Number of asset objects unloaded after import = 0
========================================================================
Received Import Request.
  Time since last request: 0.000883 seconds.
  path: Assets/Tests/PlayMode/AI_Test.cs
  artifactKey: Guid(52171b06e05f3ab4ea34a70153b6e37d) Importer(815301076,1909f56bfc062723c751e8b465ee728b)
Start importing Assets/Tests/PlayMode/AI_Test.cs using Guid(52171b06e05f3ab4ea34a70153b6e37d) Importer(815301076,1909f56bfc062723c751e8b465ee728b) [PhysX] Initialized MultithreadedTaskDispatcher with 6 workers.
 -> (artifact id: '00000000000000000000000000000000') in 0.000337 seconds
Import Error Code:(4)
Message: Build asset version error: assets/tests/playmode/ai_test.cs in SourceAssetDB has modification time of '2025-04-29T06:58:12.906501Z' while content on disk has modification time of '2025-04-29T06:58:19.9876532Z'
  ERROR: Build asset version error: assets/tests/playmode/ai_test.cs in SourceAssetDB has modification time of '2025-04-29T06:58:12.906501Z' while content on disk has modification time of '2025-04-29T06:58:19.9876532Z'
Number of updated asset objects reloaded before import = 0
Number of asset objects unloaded after import = 0
========================================================================
Received Import Request.
  Time since last request: 0.001230 seconds.
  path: Assets/Tests/PlayMode/AI_Test.cs
  artifactKey: Guid(52171b06e05f3ab4ea34a70153b6e37d) Importer(815301076,1909f56bfc062723c751e8b465ee728b)
Start importing Assets/Tests/PlayMode/AI_Test.cs using Guid(52171b06e05f3ab4ea34a70153b6e37d) Importer(815301076,1909f56bfc062723c751e8b465ee728b) [PhysX] Initialized MultithreadedTaskDispatcher with 6 workers.
 -> (artifact id: '00000000000000000000000000000000') in 0.000373 seconds
Import Error Code:(4)
Message: Build asset version error: assets/tests/playmode/ai_test.cs in SourceAssetDB has modification time of '2025-04-29T06:58:12.906501Z' while content on disk has modification time of '2025-04-29T06:58:19.9876532Z'
  ERROR: Build asset version error: assets/tests/playmode/ai_test.cs in SourceAssetDB has modification time of '2025-04-29T06:58:12.906501Z' while content on disk has modification time of '2025-04-29T06:58:19.9876532Z'
Number of updated asset objects reloaded before import = 0
Number of asset objects unloaded after import = 0
========================================================================
Received Import Request.
  Time since last request: 0.001150 seconds.
  path: Assets/Tests/PlayMode/AI_Test.cs
  artifactKey: Guid(52171b06e05f3ab4ea34a70153b6e37d) Importer(815301076,1909f56bfc062723c751e8b465ee728b)
Start importing Assets/Tests/PlayMode/AI_Test.cs using Guid(52171b06e05f3ab4ea34a70153b6e37d) Importer(815301076,1909f56bfc062723c751e8b465ee728b) [PhysX] Initialized MultithreadedTaskDispatcher with 6 workers.
 -> (artifact id: '00000000000000000000000000000000') in 0.000370 seconds
Import Error Code:(4)
Message: Build asset version error: assets/tests/playmode/ai_test.cs in SourceAssetDB has modification time of '2025-04-29T06:58:12.906501Z' while content on disk has modification time of '2025-04-29T06:58:19.9876532Z'
  ERROR: Build asset version error: assets/tests/playmode/ai_test.cs in SourceAssetDB has modification time of '2025-04-29T06:58:12.906501Z' while content on disk has modification time of '2025-04-29T06:58:19.9876532Z'
Number of updated asset objects reloaded before import = 0
Number of asset objects unloaded after import = 0
========================================================================
Received Import Request.
  Time since last request: 0.000958 seconds.
  path: Assets/Tests/PlayMode/AI_Test.cs
  artifactKey: Guid(52171b06e05f3ab4ea34a70153b6e37d) Importer(815301076,1909f56bfc062723c751e8b465ee728b)
Start importing Assets/Tests/PlayMode/AI_Test.cs using Guid(52171b06e05f3ab4ea34a70153b6e37d) Importer(815301076,1909f56bfc062723c751e8b465ee728b) [PhysX] Initialized MultithreadedTaskDispatcher with 6 workers.
 -> (artifact id: '00000000000000000000000000000000') in 0.000331 seconds
Import Error Code:(4)
Message: Build asset version error: assets/tests/playmode/ai_test.cs in SourceAssetDB has modification time of '2025-04-29T06:58:12.906501Z' while content on disk has modification time of '2025-04-29T06:58:19.9876532Z'
  ERROR: Build asset version error: assets/tests/playmode/ai_test.cs in SourceAssetDB has modification time of '2025-04-29T06:58:12.906501Z' while content on disk has modification time of '2025-04-29T06:58:19.9876532Z'
Number of updated asset objects reloaded before import = 0
Number of asset objects unloaded after import = 0
========================================================================
Received Import Request.
  Time since last request: 0.001226 seconds.
  path: Assets/Tests/PlayMode/AI_Test.cs
  artifactKey: Guid(52171b06e05f3ab4ea34a70153b6e37d) Importer(815301076,1909f56bfc062723c751e8b465ee728b)
Start importing Assets/Tests/PlayMode/AI_Test.cs using Guid(52171b06e05f3ab4ea34a70153b6e37d) Importer(815301076,1909f56bfc062723c751e8b465ee728b) [PhysX] Initialized MultithreadedTaskDispatcher with 6 workers.
 -> (artifact id: '00000000000000000000000000000000') in 0.000342 seconds
Import Error Code:(4)
Message: Build asset version error: assets/tests/playmode/ai_test.cs in SourceAssetDB has modification time of '2025-04-29T06:58:12.906501Z' while content on disk has modification time of '2025-04-29T06:58:19.9876532Z'
  ERROR: Build asset version error: assets/tests/playmode/ai_test.cs in SourceAssetDB has modification time of '2025-04-29T06:58:12.906501Z' while content on disk has modification time of '2025-04-29T06:58:19.9876532Z'
Number of updated asset objects reloaded before import = 0
Number of asset objects unloaded after import = 0
========================================================================
Received Import Request.
  Time since last request: 0.001216 seconds.
  path: Assets/Tests/PlayMode/AI_Test.cs
  artifactKey: Guid(52171b06e05f3ab4ea34a70153b6e37d) Importer(815301076,1909f56bfc062723c751e8b465ee728b)
Start importing Assets/Tests/PlayMode/AI_Test.cs using Guid(52171b06e05f3ab4ea34a70153b6e37d) Importer(815301076,1909f56bfc062723c751e8b465ee728b) [PhysX] Initialized MultithreadedTaskDispatcher with 6 workers.
 -> (artifact id: '00000000000000000000000000000000') in 0.000334 seconds
Import Error Code:(4)
Message: Build asset version error: assets/tests/playmode/ai_test.cs in SourceAssetDB has modification time of '2025-04-29T06:58:12.906501Z' while content on disk has modification time of '2025-04-29T06:58:19.9876532Z'
  ERROR: Build asset version error: assets/tests/playmode/ai_test.cs in SourceAssetDB has modification time of '2025-04-29T06:58:12.906501Z' while content on disk has modification time of '2025-04-29T06:58:19.9876532Z'
Number of updated asset objects reloaded before import = 0
Number of asset objects unloaded after import = 0
========================================================================
Received Import Request.
  Time since last request: 0.001175 seconds.
  path: Assets/Tests/PlayMode/AI_Test.cs
  artifactKey: Guid(52171b06e05f3ab4ea34a70153b6e37d) Importer(815301076,1909f56bfc062723c751e8b465ee728b)
Start importing Assets/Tests/PlayMode/AI_Test.cs using Guid(52171b06e05f3ab4ea34a70153b6e37d) Importer(815301076,1909f56bfc062723c751e8b465ee728b) [PhysX] Initialized MultithreadedTaskDispatcher with 6 workers.
 -> (artifact id: '00000000000000000000000000000000') in 0.000338 seconds
Import Error Code:(4)
Message: Build asset version error: assets/tests/playmode/ai_test.cs in SourceAssetDB has modification time of '2025-04-29T06:58:12.906501Z' while content on disk has modification time of '2025-04-29T06:58:19.9876532Z'
  ERROR: Build asset version error: assets/tests/playmode/ai_test.cs in SourceAssetDB has modification time of '2025-04-29T06:58:12.906501Z' while content on disk has modification time of '2025-04-29T06:58:19.9876532Z'
Number of updated asset objects reloaded before import = 0
Number of asset objects unloaded after import = 0
========================================================================
Received Import Request.
  Time since last request: 0.001153 seconds.
  path: Assets/Tests/PlayMode/AI_Test.cs
  artifactKey: Guid(52171b06e05f3ab4ea34a70153b6e37d) Importer(815301076,1909f56bfc062723c751e8b465ee728b)
Start importing Assets/Tests/PlayMode/AI_Test.cs using Guid(52171b06e05f3ab4ea34a70153b6e37d) Importer(815301076,1909f56bfc062723c751e8b465ee728b) [PhysX] Initialized MultithreadedTaskDispatcher with 6 workers.
 -> (artifact id: '00000000000000000000000000000000') in 0.000345 seconds
Import Error Code:(4)
Message: Build asset version error: assets/tests/playmode/ai_test.cs in SourceAssetDB has modification time of '2025-04-29T06:58:12.906501Z' while content on disk has modification time of '2025-04-29T06:58:19.9876532Z'
  ERROR: Build asset version error: assets/tests/playmode/ai_test.cs in SourceAssetDB has modification time of '2025-04-29T06:58:12.906501Z' while content on disk has modification time of '2025-04-29T06:58:19.9876532Z'
Number of updated asset objects reloaded before import = 0
Number of asset objects unloaded after import = 0
========================================================================
Received Import Request.
  Time since last request: 0.000909 seconds.
  path: Assets/Tests/PlayMode/AI_Test.cs
  artifactKey: Guid(52171b06e05f3ab4ea34a70153b6e37d) Importer(815301076,1909f56bfc062723c751e8b465ee728b)
Start importing Assets/Tests/PlayMode/AI_Test.cs using Guid(52171b06e05f3ab4ea34a70153b6e37d) Importer(815301076,1909f56bfc062723c751e8b465ee728b) [PhysX] Initialized MultithreadedTaskDispatcher with 6 workers.
 -> (artifact id: '00000000000000000000000000000000') in 0.000375 seconds
Import Error Code:(4)
Message: Build asset version error: assets/tests/playmode/ai_test.cs in SourceAssetDB has modification time of '2025-04-29T06:58:12.906501Z' while content on disk has modification time of '2025-04-29T06:58:19.9876532Z'
  ERROR: Build asset version error: assets/tests/playmode/ai_test.cs in SourceAssetDB has modification time of '2025-04-29T06:58:12.906501Z' while content on disk has modification time of '2025-04-29T06:58:19.9876532Z'
Number of updated asset objects reloaded before import = 0
Number of asset objects unloaded after import = 0
========================================================================
Received Import Request.
  Time since last request: 0.001231 seconds.
  path: Assets/Tests/PlayMode/AI_Test.cs
  artifactKey: Guid(52171b06e05f3ab4ea34a70153b6e37d) Importer(815301076,1909f56bfc062723c751e8b465ee728b)
Start importing Assets/Tests/PlayMode/AI_Test.cs using Guid(52171b06e05f3ab4ea34a70153b6e37d) Importer(815301076,1909f56bfc062723c751e8b465ee728b) [PhysX] Initialized MultithreadedTaskDispatcher with 6 workers.
 -> (artifact id: '00000000000000000000000000000000') in 0.000346 seconds
Import Error Code:(4)
Message: Build asset version error: assets/tests/playmode/ai_test.cs in SourceAssetDB has modification time of '2025-04-29T06:58:12.906501Z' while content on disk has modification time of '2025-04-29T06:58:19.9876532Z'
  ERROR: Build asset version error: assets/tests/playmode/ai_test.cs in SourceAssetDB has modification time of '2025-04-29T06:58:12.906501Z' while content on disk has modification time of '2025-04-29T06:58:19.9876532Z'
Number of updated asset objects reloaded before import = 0
Number of asset objects unloaded after import = 0
========================================================================
Received Import Request.
  Time since last request: 0.001101 seconds.
  path: Assets/Tests/PlayMode/AI_Test.cs
  artifactKey: Guid(52171b06e05f3ab4ea34a70153b6e37d) Importer(815301076,1909f56bfc062723c751e8b465ee728b)
Start importing Assets/Tests/PlayMode/AI_Test.cs using Guid(52171b06e05f3ab4ea34a70153b6e37d) Importer(815301076,1909f56bfc062723c751e8b465ee728b) [PhysX] Initialized MultithreadedTaskDispatcher with 6 workers.
 -> (artifact id: '00000000000000000000000000000000') in 0.000334 seconds
Import Error Code:(4)
Message: Build asset version error: assets/tests/playmode/ai_test.cs in SourceAssetDB has modification time of '2025-04-29T06:58:12.906501Z' while content on disk has modification time of '2025-04-29T06:58:19.9876532Z'
  ERROR: Build asset version error: assets/tests/playmode/ai_test.cs in SourceAssetDB has modification time of '2025-04-29T06:58:12.906501Z' while content on disk has modification time of '2025-04-29T06:58:19.9876532Z'
Number of updated asset objects reloaded before import = 0
Number of asset objects unloaded after import = 0
========================================================================
Received Import Request.
  Time since last request: 0.001246 seconds.
  path: Assets/Tests/PlayMode/AI_Test.cs
  artifactKey: Guid(52171b06e05f3ab4ea34a70153b6e37d) Importer(815301076,1909f56bfc062723c751e8b465ee728b)
Start importing Assets/Tests/PlayMode/AI_Test.cs using Guid(52171b06e05f3ab4ea34a70153b6e37d) Importer(815301076,1909f56bfc062723c751e8b465ee728b) [PhysX] Initialized MultithreadedTaskDispatcher with 6 workers.
 -> (artifact id: '00000000000000000000000000000000') in 0.000361 seconds
Import Error Code:(4)
Message: Build asset version error: assets/tests/playmode/ai_test.cs in SourceAssetDB has modification time of '2025-04-29T06:58:12.906501Z' while content on disk has modification time of '2025-04-29T06:58:19.9876532Z'
  ERROR: Build asset version error: assets/tests/playmode/ai_test.cs in SourceAssetDB has modification time of '2025-04-29T06:58:12.906501Z' while content on disk has modification time of '2025-04-29T06:58:19.9876532Z'
Number of updated asset objects reloaded before import = 0
Number of asset objects unloaded after import = 0
========================================================================
Received Import Request.
  Time since last request: 0.000851 seconds.
  path: Assets/Tests/PlayMode/AI_Test.cs
  artifactKey: Guid(52171b06e05f3ab4ea34a70153b6e37d) Importer(815301076,1909f56bfc062723c751e8b465ee728b)
Start importing Assets/Tests/PlayMode/AI_Test.cs using Guid(52171b06e05f3ab4ea34a70153b6e37d) Importer(815301076,1909f56bfc062723c751e8b465ee728b) [PhysX] Initialized MultithreadedTaskDispatcher with 6 workers.
 -> (artifact id: '00000000000000000000000000000000') in 0.000368 seconds
Import Error Code:(4)
Message: Build asset version error: assets/tests/playmode/ai_test.cs in SourceAssetDB has modification time of '2025-04-29T06:58:12.906501Z' while content on disk has modification time of '2025-04-29T06:58:19.9876532Z'
  ERROR: Build asset version error: assets/tests/playmode/ai_test.cs in SourceAssetDB has modification time of '2025-04-29T06:58:12.906501Z' while content on disk has modification time of '2025-04-29T06:58:19.9876532Z'
Number of updated asset objects reloaded before import = 0
Number of asset objects unloaded after import = 0
========================================================================
Received Import Request.
  Time since last request: 0.001425 seconds.
  path: Assets/Tests/PlayMode/AI_Test.cs
  artifactKey: Guid(52171b06e05f3ab4ea34a70153b6e37d) Importer(815301076,1909f56bfc062723c751e8b465ee728b)
Start importing Assets/Tests/PlayMode/AI_Test.cs using Guid(52171b06e05f3ab4ea34a70153b6e37d) Importer(815301076,1909f56bfc062723c751e8b465ee728b) [PhysX] Initialized MultithreadedTaskDispatcher with 6 workers.
 -> (artifact id: '00000000000000000000000000000000') in 0.000332 seconds
Import Error Code:(4)
Message: Build asset version error: assets/tests/playmode/ai_test.cs in SourceAssetDB has modification time of '2025-04-29T06:58:12.906501Z' while content on disk has modification time of '2025-04-29T06:58:19.9876532Z'
  ERROR: Build asset version error: assets/tests/playmode/ai_test.cs in SourceAssetDB has modification time of '2025-04-29T06:58:12.906501Z' while content on disk has modification time of '2025-04-29T06:58:19.9876532Z'
Number of updated asset objects reloaded before import = 0
Number of asset objects unloaded after import = 0
========================================================================
Received Import Request.
  Time since last request: 0.001242 seconds.
  path: Assets/Tests/PlayMode/AI_Test.cs
  artifactKey: Guid(52171b06e05f3ab4ea34a70153b6e37d) Importer(815301076,1909f56bfc062723c751e8b465ee728b)
Start importing Assets/Tests/PlayMode/AI_Test.cs using Guid(52171b06e05f3ab4ea34a70153b6e37d) Importer(815301076,1909f56bfc062723c751e8b465ee728b) [PhysX] Initialized MultithreadedTaskDispatcher with 6 workers.
 -> (artifact id: '00000000000000000000000000000000') in 0.000369 seconds
Import Error Code:(4)
Message: Build asset version error: assets/tests/playmode/ai_test.cs in SourceAssetDB has modification time of '2025-04-29T06:58:12.906501Z' while content on disk has modification time of '2025-04-29T06:58:19.9876532Z'
  ERROR: Build asset version error: assets/tests/playmode/ai_test.cs in SourceAssetDB has modification time of '2025-04-29T06:58:12.906501Z' while content on disk has modification time of '2025-04-29T06:58:19.9876532Z'
Number of updated asset objects reloaded before import = 0
Number of asset objects unloaded after import = 0
========================================================================
Received Import Request.
  Time since last request: 0.000987 seconds.
  path: Assets/Tests/PlayMode/AI_Test.cs
  artifactKey: Guid(52171b06e05f3ab4ea34a70153b6e37d) Importer(815301076,1909f56bfc062723c751e8b465ee728b)
Start importing Assets/Tests/PlayMode/AI_Test.cs using Guid(52171b06e05f3ab4ea34a70153b6e37d) Importer(815301076,1909f56bfc062723c751e8b465ee728b) [PhysX] Initialized MultithreadedTaskDispatcher with 6 workers.
 -> (artifact id: '00000000000000000000000000000000') in 0.000340 seconds
Import Error Code:(4)
Message: Build asset version error: assets/tests/playmode/ai_test.cs in SourceAssetDB has modification time of '2025-04-29T06:58:12.906501Z' while content on disk has modification time of '2025-04-29T06:58:19.9876532Z'
  ERROR: Build asset version error: assets/tests/playmode/ai_test.cs in SourceAssetDB has modification time of '2025-04-29T06:58:12.906501Z' while content on disk has modification time of '2025-04-29T06:58:19.9876532Z'
Number of updated asset objects reloaded before import = 0
Number of asset objects unloaded after import = 0
========================================================================
Received Import Request.
  Time since last request: 0.000963 seconds.
  path: Assets/Tests/PlayMode/AI_Test.cs
  artifactKey: Guid(52171b06e05f3ab4ea34a70153b6e37d) Importer(815301076,1909f56bfc062723c751e8b465ee728b)
Start importing Assets/Tests/PlayMode/AI_Test.cs using Guid(52171b06e05f3ab4ea34a70153b6e37d) Importer(815301076,1909f56bfc062723c751e8b465ee728b) [PhysX] Initialized MultithreadedTaskDispatcher with 6 workers.
 -> (artifact id: '00000000000000000000000000000000') in 0.000368 seconds
Import Error Code:(4)
Message: Build asset version error: assets/tests/playmode/ai_test.cs in SourceAssetDB has modification time of '2025-04-29T06:58:12.906501Z' while content on disk has modification time of '2025-04-29T06:58:19.9876532Z'
  ERROR: Build asset version error: assets/tests/playmode/ai_test.cs in SourceAssetDB has modification time of '2025-04-29T06:58:12.906501Z' while content on disk has modification time of '2025-04-29T06:58:19.9876532Z'
Number of updated asset objects reloaded before import = 0
Number of asset objects unloaded after import = 0
========================================================================
Received Import Request.
  Time since last request: 0.001296 seconds.
  path: Assets/Tests/PlayMode/AI_Test.cs
  artifactKey: Guid(52171b06e05f3ab4ea34a70153b6e37d) Importer(815301076,1909f56bfc062723c751e8b465ee728b)
Start importing Assets/Tests/PlayMode/AI_Test.cs using Guid(52171b06e05f3ab4ea34a70153b6e37d) Importer(815301076,1909f56bfc062723c751e8b465ee728b) [PhysX] Initialized MultithreadedTaskDispatcher with 6 workers.
 -> (artifact id: '00000000000000000000000000000000') in 0.000330 seconds
Import Error Code:(4)
Message: Build asset version error: assets/tests/playmode/ai_test.cs in SourceAssetDB has modification time of '2025-04-29T06:58:12.906501Z' while content on disk has modification time of '2025-04-29T06:58:19.9876532Z'
  ERROR: Build asset version error: assets/tests/playmode/ai_test.cs in SourceAssetDB has modification time of '2025-04-29T06:58:12.906501Z' while content on disk has modification time of '2025-04-29T06:58:19.9876532Z'
Number of updated asset objects reloaded before import = 0
Number of asset objects unloaded after import = 0
========================================================================
Received Import Request.
  Time since last request: 0.001214 seconds.
  path: Assets/Tests/PlayMode/AI_Test.cs
  artifactKey: Guid(52171b06e05f3ab4ea34a70153b6e37d) Importer(815301076,1909f56bfc062723c751e8b465ee728b)
Start importing Assets/Tests/PlayMode/AI_Test.cs using Guid(52171b06e05f3ab4ea34a70153b6e37d) Importer(815301076,1909f56bfc062723c751e8b465ee728b) [PhysX] Initialized MultithreadedTaskDispatcher with 6 workers.
 -> (artifact id: '00000000000000000000000000000000') in 0.000339 seconds
Import Error Code:(4)
Message: Build asset version error: assets/tests/playmode/ai_test.cs in SourceAssetDB has modification time of '2025-04-29T06:58:12.906501Z' while content on disk has modification time of '2025-04-29T06:58:19.9876532Z'
  ERROR: Build asset version error: assets/tests/playmode/ai_test.cs in SourceAssetDB has modification time of '2025-04-29T06:58:12.906501Z' while content on disk has modification time of '2025-04-29T06:58:19.9876532Z'
Number of updated asset objects reloaded before import = 0
Number of asset objects unloaded after import = 0
========================================================================
Received Import Request.
  Time since last request: 0.001253 seconds.
  path: Assets/Tests/PlayMode/AI_Test.cs
  artifactKey: Guid(52171b06e05f3ab4ea34a70153b6e37d) Importer(815301076,1909f56bfc062723c751e8b465ee728b)
Start importing Assets/Tests/PlayMode/AI_Test.cs using Guid(52171b06e05f3ab4ea34a70153b6e37d) Importer(815301076,1909f56bfc062723c751e8b465ee728b) [PhysX] Initialized MultithreadedTaskDispatcher with 6 workers.
 -> (artifact id: '00000000000000000000000000000000') in 0.000410 seconds
Import Error Code:(4)
Message: Build asset version error: assets/tests/playmode/ai_test.cs in SourceAssetDB has modification time of '2025-04-29T06:58:12.906501Z' while content on disk has modification time of '2025-04-29T06:58:19.9876532Z'
  ERROR: Build asset version error: assets/tests/playmode/ai_test.cs in SourceAssetDB has modification time of '2025-04-29T06:58:12.906501Z' while content on disk has modification time of '2025-04-29T06:58:19.9876532Z'
Number of updated asset objects reloaded before import = 0
Number of asset objects unloaded after import = 0
========================================================================
Received Import Request.
  Time since last request: 0.001196 seconds.
  path: Assets/Tests/PlayMode/AI_Test.cs
  artifactKey: Guid(52171b06e05f3ab4ea34a70153b6e37d) Importer(815301076,1909f56bfc062723c751e8b465ee728b)
Start importing Assets/Tests/PlayMode/AI_Test.cs using Guid(52171b06e05f3ab4ea34a70153b6e37d) Importer(815301076,1909f56bfc062723c751e8b465ee728b) [PhysX] Initialized MultithreadedTaskDispatcher with 6 workers.
 -> (artifact id: '00000000000000000000000000000000') in 0.000386 seconds
Import Error Code:(4)
Message: Build asset version error: assets/tests/playmode/ai_test.cs in SourceAssetDB has modification time of '2025-04-29T06:58:12.906501Z' while content on disk has modification time of '2025-04-29T06:58:19.9876532Z'
  ERROR: Build asset version error: assets/tests/playmode/ai_test.cs in SourceAssetDB has modification time of '2025-04-29T06:58:12.906501Z' while content on disk has modification time of '2025-04-29T06:58:19.9876532Z'
Number of updated asset objects reloaded before import = 0
Number of asset objects unloaded after import = 0
========================================================================
Received Import Request.
  Time since last request: 0.000913 seconds.
  path: Assets/Tests/PlayMode/AI_Test.cs
  artifactKey: Guid(52171b06e05f3ab4ea34a70153b6e37d) Importer(815301076,1909f56bfc062723c751e8b465ee728b)
Start importing Assets/Tests/PlayMode/AI_Test.cs using Guid(52171b06e05f3ab4ea34a70153b6e37d) Importer(815301076,1909f56bfc062723c751e8b465ee728b) [PhysX] Initialized MultithreadedTaskDispatcher with 6 workers.
 -> (artifact id: '00000000000000000000000000000000') in 0.000359 seconds
Import Error Code:(4)
Message: Build asset version error: assets/tests/playmode/ai_test.cs in SourceAssetDB has modification time of '2025-04-29T06:58:12.906501Z' while content on disk has modification time of '2025-04-29T06:58:19.9876532Z'
  ERROR: Build asset version error: assets/tests/playmode/ai_test.cs in SourceAssetDB has modification time of '2025-04-29T06:58:12.906501Z' while content on disk has modification time of '2025-04-29T06:58:19.9876532Z'
Number of updated asset objects reloaded before import = 0
Number of asset objects unloaded after import = 0
========================================================================
Received Import Request.
  Time since last request: 0.000872 seconds.
  path: Assets/Tests/PlayMode/AI_Test.cs
  artifactKey: Guid(52171b06e05f3ab4ea34a70153b6e37d) Importer(815301076,1909f56bfc062723c751e8b465ee728b)
Start importing Assets/Tests/PlayMode/AI_Test.cs using Guid(52171b06e05f3ab4ea34a70153b6e37d) Importer(815301076,1909f56bfc062723c751e8b465ee728b) [PhysX] Initialized MultithreadedTaskDispatcher with 6 workers.
 -> (artifact id: '00000000000000000000000000000000') in 0.000340 seconds
Import Error Code:(4)
Message: Build asset version error: assets/tests/playmode/ai_test.cs in SourceAssetDB has modification time of '2025-04-29T06:58:12.906501Z' while content on disk has modification time of '2025-04-29T06:58:19.9876532Z'
  ERROR: Build asset version error: assets/tests/playmode/ai_test.cs in SourceAssetDB has modification time of '2025-04-29T06:58:12.906501Z' while content on disk has modification time of '2025-04-29T06:58:19.9876532Z'
Number of updated asset objects reloaded before import = 0
Number of asset objects unloaded after import = 0
========================================================================
Received Import Request.
  Time since last request: 0.001186 seconds.
  path: Assets/Tests/PlayMode/AI_Test.cs
  artifactKey: Guid(52171b06e05f3ab4ea34a70153b6e37d) Importer(815301076,1909f56bfc062723c751e8b465ee728b)
Start importing Assets/Tests/PlayMode/AI_Test.cs using Guid(52171b06e05f3ab4ea34a70153b6e37d) Importer(815301076,1909f56bfc062723c751e8b465ee728b) [PhysX] Initialized MultithreadedTaskDispatcher with 6 workers.
 -> (artifact id: '00000000000000000000000000000000') in 0.000345 seconds
Import Error Code:(4)
Message: Build asset version error: assets/tests/playmode/ai_test.cs in SourceAssetDB has modification time of '2025-04-29T06:58:12.906501Z' while content on disk has modification time of '2025-04-29T06:58:19.9876532Z'
  ERROR: Build asset version error: assets/tests/playmode/ai_test.cs in SourceAssetDB has modification time of '2025-04-29T06:58:12.906501Z' while content on disk has modification time of '2025-04-29T06:58:19.9876532Z'
Number of updated asset objects reloaded before import = 0
Number of asset objects unloaded after import = 0
========================================================================
Received Import Request.
  Time since last request: 0.001452 seconds.
  path: Assets/Tests/PlayMode/AI_Test.cs
  artifactKey: Guid(52171b06e05f3ab4ea34a70153b6e37d) Importer(815301076,1909f56bfc062723c751e8b465ee728b)
Start importing Assets/Tests/PlayMode/AI_Test.cs using Guid(52171b06e05f3ab4ea34a70153b6e37d) Importer(815301076,1909f56bfc062723c751e8b465ee728b) [PhysX] Initialized MultithreadedTaskDispatcher with 6 workers.
 -> (artifact id: '00000000000000000000000000000000') in 0.000335 seconds
Import Error Code:(4)
Message: Build asset version error: assets/tests/playmode/ai_test.cs in SourceAssetDB has modification time of '2025-04-29T06:58:12.906501Z' while content on disk has modification time of '2025-04-29T06:58:19.9876532Z'
  ERROR: Build asset version error: assets/tests/playmode/ai_test.cs in SourceAssetDB has modification time of '2025-04-29T06:58:12.906501Z' while content on disk has modification time of '2025-04-29T06:58:19.9876532Z'
Number of updated asset objects reloaded before import = 0
Number of asset objects unloaded after import = 0
========================================================================
Received Import Request.
  Time since last request: 0.001200 seconds.
  path: Assets/Tests/PlayMode/AI_Test.cs
  artifactKey: Guid(52171b06e05f3ab4ea34a70153b6e37d) Importer(815301076,1909f56bfc062723c751e8b465ee728b)
Start importing Assets/Tests/PlayMode/AI_Test.cs using Guid(52171b06e05f3ab4ea34a70153b6e37d) Importer(815301076,1909f56bfc062723c751e8b465ee728b) [PhysX] Initialized MultithreadedTaskDispatcher with 6 workers.
 -> (artifact id: '00000000000000000000000000000000') in 0.000345 seconds
Import Error Code:(4)
Message: Build asset version error: assets/tests/playmode/ai_test.cs in SourceAssetDB has modification time of '2025-04-29T06:58:12.906501Z' while content on disk has modification time of '2025-04-29T06:58:19.9876532Z'
  ERROR: Build asset version error: assets/tests/playmode/ai_test.cs in SourceAssetDB has modification time of '2025-04-29T06:58:12.906501Z' while content on disk has modification time of '2025-04-29T06:58:19.9876532Z'
Number of updated asset objects reloaded before import = 0
Number of asset objects unloaded after import = 0
========================================================================
Received Import Request.
  Time since last request: 0.001188 seconds.
  path: Assets/Tests/PlayMode/AI_Test.cs
  artifactKey: Guid(52171b06e05f3ab4ea34a70153b6e37d) Importer(815301076,1909f56bfc062723c751e8b465ee728b)
Start importing Assets/Tests/PlayMode/AI_Test.cs using Guid(52171b06e05f3ab4ea34a70153b6e37d) Importer(815301076,1909f56bfc062723c751e8b465ee728b) [PhysX] Initialized MultithreadedTaskDispatcher with 6 workers.
 -> (artifact id: '00000000000000000000000000000000') in 0.000329 seconds
Import Error Code:(4)
Message: Build asset version error: assets/tests/playmode/ai_test.cs in SourceAssetDB has modification time of '2025-04-29T06:58:12.906501Z' while content on disk has modification time of '2025-04-29T06:58:19.9876532Z'
  ERROR: Build asset version error: assets/tests/playmode/ai_test.cs in SourceAssetDB has modification time of '2025-04-29T06:58:12.906501Z' while content on disk has modification time of '2025-04-29T06:58:19.9876532Z'
Number of updated asset objects reloaded before import = 0
Number of asset objects unloaded after import = 0
========================================================================
Received Import Request.
  Time since last request: 0.001375 seconds.
  path: Assets/Tests/PlayMode/AI_Test.cs
  artifactKey: Guid(52171b06e05f3ab4ea34a70153b6e37d) Importer(815301076,1909f56bfc062723c751e8b465ee728b)
Start importing Assets/Tests/PlayMode/AI_Test.cs using Guid(52171b06e05f3ab4ea34a70153b6e37d) Importer(815301076,1909f56bfc062723c751e8b465ee728b) [PhysX] Initialized MultithreadedTaskDispatcher with 6 workers.
 -> (artifact id: '00000000000000000000000000000000') in 0.000378 seconds
Import Error Code:(4)
Message: Build asset version error: assets/tests/playmode/ai_test.cs in SourceAssetDB has modification time of '2025-04-29T06:58:12.906501Z' while content on disk has modification time of '2025-04-29T06:58:19.9876532Z'
  ERROR: Build asset version error: assets/tests/playmode/ai_test.cs in SourceAssetDB has modification time of '2025-04-29T06:58:12.906501Z' while content on disk has modification time of '2025-04-29T06:58:19.9876532Z'
Number of updated asset objects reloaded before import = 0
Number of asset objects unloaded after import = 0
========================================================================
Received Prepare
Caller must complete domain reload
Begin MonoManager ReloadAssembly
- Loaded All Assemblies, in  0.397 seconds
Native extension for WindowsStandalone target not found
[Package Manager] Server::EnsureServerProcessIsRunning -- launch failed, reason: Unity was launched with the -noUpm command-line argument
[Package Manager] UpmClient::Send -- Unable to send message (not connected to UPM process).
[Package Manager] Cannot connect to Unity Package Manager local server
Mono: successfully reloaded assembly
- Finished resetting the current domain, in  1.058 seconds
Domain Reload Profiling: 1454ms
	BeginReloadAssembly (121ms)
		ExecutionOrderSort (0ms)
		DisableScriptedObjects (3ms)
		BackupInstance (0ms)
		ReleaseScriptingObjects (0ms)
		CreateAndSetChildDomain (25ms)
	RebuildCommonClasses (28ms)
	RebuildNativeTypeToScriptingClass (10ms)
	initialDomainReloadingComplete (25ms)
	LoadAllAssembliesAndSetupDomain (212ms)
		LoadAssemblies (242ms)
		RebuildTransferFunctionScriptingTraits (0ms)
		AnalyzeDomain (36ms)
			TypeCache.Refresh (8ms)
				TypeCache.ScanAssembly (0ms)
			ScanForSourceGeneratedMonoScriptInfo (18ms)
			ResolveRequiredComponents (10ms)
	FinalizeReload (1058ms)
		ReleaseScriptCaches (0ms)
		RebuildScriptCaches (0ms)
		SetupLoadedEditorAssemblies (527ms)
			LogAssemblyErrors (0ms)
			InitializePlatformSupportModulesInManaged (6ms)
			SetLoadedEditorAssemblies (3ms)
			RefreshPlugins (0ms)
			BeforeProcessingInitializeOnLoad (71ms)
			ProcessInitializeOnLoadAttributes (392ms)
			ProcessInitializeOnLoadMethodAttributes (50ms)
			AfterProcessingInitializeOnLoad (6ms)
			EditorAssembliesLoaded (0ms)
		ExecutionOrderSort2 (0ms)
		AwakeInstancesAfterBackupRestoration (4ms)
Refreshing native plugins compatible for Editor in 5.54 ms, found 5 plugins.
Preloading 0 native plugins for Editor in 0.00 ms.
Unloading 5070 Unused Serialized files (Serialized files now loaded: 0)
Unloading 25 unused Assets / (0.7 MB). Loaded Objects now: 5676.
Memory consumption went from 188.8 MB to 188.1 MB.
Total: 3.185800 ms (FindLiveObjects: 0.324400 ms CreateObjectMapping: 0.353500 ms MarkObjects: 2.245700 ms  DeleteObjects: 0.261400 ms)

Prepare: number of updated asset objects reloaded= 0
AssetImportParameters requested are different than current active one (requested -> active):
  custom:container-demuxer-ogg: 62fdf1f143b41e24485cea50d1cbac27 -> 
  custom:video-decoder-ogg-theora: a1e56fd34408186e4bbccfd4996cb3dc -> 
  custom:framework-win-MediaFoundation: 216162199b28c13a410421893ffa2e32 -> 
  custom:CustomObjectIndexerAttribute: 72b91833f83ae208fae7752999fa3104 -> 
  custom:container-demuxer-webm: 4f35f7cbe854078d1ac9338744f61a02 -> 
  custom:container-muxer-webm: aa71ff27fc2769a1b78a27578f13a17b -> 
  custom:video-decoder-webm-vp8: 9c59270c3fd7afecdb556c50c9e8de78 -> 
  custom:SearchIndexIgnoredProperties: e643bd26f0fe6173181afceb89e7c659 -> 
  custom:scripting/precompiled-assembly-types:PlayModeTests: 01201458a1a12b6821ba3ba714bb8458 -> 3bb08c5da998212b299b22a516533d20
  custom:AudioImporter_EditorPlatform: d09bf68614088b80899f8185d706f6e7 -> 
  custom:video-encoder-webm-vp8: eb34c28f22e8b96e1ab97ce403110664 -> 
  custom:audio-decoder-ogg-vorbis: bf7c407c2cedff20999df2af8eb42d56 -> 
  custom:audio-encoder-webm-vorbis: bf7c407c2cedff20999df2af8eb42d56 -> 
  custom:scripting/monoscript/fileName/AI_Test.cs: 101b1c86fa2447d1fdc9b5bf6716293b -> 
========================================================================
Received Import Request.
  Time since last request: 5.333951 seconds.
  path: Assets/Tests/PlayMode/AI_Test.cs
  artifactKey: Guid(52171b06e05f3ab4ea34a70153b6e37d) Importer(815301076,1909f56bfc062723c751e8b465ee728b)
Start importing Assets/Tests/PlayMode/AI_Test.cs using Guid(52171b06e05f3ab4ea34a70153b6e37d) Importer(815301076,1909f56bfc062723c751e8b465ee728b) [PhysX] Initialized MultithreadedTaskDispatcher with 6 workers.
 -> (artifact id: 'd0d0a7904cf1416eb3712b09127bf752') in 0.001318 seconds
Number of updated asset objects reloaded before import = 0
Number of asset objects unloaded after import = 0
========================================================================
Received Prepare
Caller must complete domain reload
Begin MonoManager ReloadAssembly
- Loaded All Assemblies, in  0.372 seconds
Native extension for WindowsStandalone target not found
[Package Manager] Server::EnsureServerProcessIsRunning -- launch failed, reason: Unity was launched with the -noUpm command-line argument
[Package Manager] UpmClient::Send -- Unable to send message (not connected to UPM process).
[Package Manager] Cannot connect to Unity Package Manager local server
Mono: successfully reloaded assembly
- Finished resetting the current domain, in  1.034 seconds
Domain Reload Profiling: 1404ms
	BeginReloadAssembly (121ms)
		ExecutionOrderSort (0ms)
		DisableScriptedObjects (3ms)
		BackupInstance (0ms)
		ReleaseScriptingObjects (0ms)
		CreateAndSetChildDomain (24ms)
	RebuildCommonClasses (28ms)
	RebuildNativeTypeToScriptingClass (10ms)
	initialDomainReloadingComplete (24ms)
	LoadAllAssembliesAndSetupDomain (187ms)
		LoadAssemblies (237ms)
		RebuildTransferFunctionScriptingTraits (0ms)
		AnalyzeDomain (17ms)
			TypeCache.Refresh (5ms)
				TypeCache.ScanAssembly (0ms)
			ScanForSourceGeneratedMonoScriptInfo (0ms)
			ResolveRequiredComponents (10ms)
	FinalizeReload (1034ms)
		ReleaseScriptCaches (0ms)
		RebuildScriptCaches (0ms)
		SetupLoadedEditorAssemblies (506ms)
			LogAssemblyErrors (0ms)
			InitializePlatformSupportModulesInManaged (5ms)
			SetLoadedEditorAssemblies (3ms)
			RefreshPlugins (0ms)
			BeforeProcessingInitializeOnLoad (68ms)
			ProcessInitializeOnLoadAttributes (374ms)
			ProcessInitializeOnLoadMethodAttributes (49ms)
			AfterProcessingInitializeOnLoad (6ms)
			EditorAssembliesLoaded (0ms)
		ExecutionOrderSort2 (0ms)
		AwakeInstancesAfterBackupRestoration (4ms)
Refreshing native plugins compatible for Editor in 4.83 ms, found 5 plugins.
Preloading 0 native plugins for Editor in 0.00 ms.
Unloading 5070 Unused Serialized files (Serialized files now loaded: 0)
Unloading 25 unused Assets / (0.7 MB). Loaded Objects now: 5679.
Memory consumption went from 188.8 MB to 188.1 MB.
Total: 2.907700 ms (FindLiveObjects: 0.324300 ms CreateObjectMapping: 0.283100 ms MarkObjects: 2.035600 ms  DeleteObjects: 0.263900 ms)

Prepare: number of updated asset objects reloaded= 0
AssetImportParameters requested are different than current active one (requested -> active):
  custom:container-demuxer-ogg: 62fdf1f143b41e24485cea50d1cbac27 -> 
  custom:video-decoder-ogg-theora: a1e56fd34408186e4bbccfd4996cb3dc -> 
  custom:framework-win-MediaFoundation: 216162199b28c13a410421893ffa2e32 -> 
  custom:CustomObjectIndexerAttribute: 72b91833f83ae208fae7752999fa3104 -> 
  custom:container-demuxer-webm: 4f35f7cbe854078d1ac9338744f61a02 -> 
  custom:container-muxer-webm: aa71ff27fc2769a1b78a27578f13a17b -> 
  custom:video-decoder-webm-vp8: 9c59270c3fd7afecdb556c50c9e8de78 -> 
  custom:SearchIndexIgnoredProperties: e643bd26f0fe6173181afceb89e7c659 -> 
  custom:scripting/precompiled-assembly-types:PlayModeTests: 01201458a1a12b6821ba3ba714bb8458 -> 3bb08c5da998212b299b22a516533d20
  custom:AudioImporter_EditorPlatform: d09bf68614088b80899f8185d706f6e7 -> 
  custom:video-encoder-webm-vp8: eb34c28f22e8b96e1ab97ce403110664 -> 
  custom:audio-decoder-ogg-vorbis: bf7c407c2cedff20999df2af8eb42d56 -> 
  custom:audio-encoder-webm-vorbis: bf7c407c2cedff20999df2af8eb42d56 -> 
  custom:scripting/monoscript/fileName/AI_Test.cs: 101b1c86fa2447d1fdc9b5bf6716293b -> 
========================================================================
Received Prepare
Caller must complete domain reload
Begin MonoManager ReloadAssembly
- Loaded All Assemblies, in  0.394 seconds
Native extension for WindowsStandalone target not found
[Package Manager] Server::EnsureServerProcessIsRunning -- launch failed, reason: Unity was launched with the -noUpm command-line argument
[Package Manager] UpmClient::Send -- Unable to send message (not connected to UPM process).
[Package Manager] Cannot connect to Unity Package Manager local server
Mono: successfully reloaded assembly
- Finished resetting the current domain, in  1.054 seconds
Domain Reload Profiling: 1447ms
	BeginReloadAssembly (121ms)
		ExecutionOrderSort (0ms)
		DisableScriptedObjects (4ms)
		BackupInstance (0ms)
		ReleaseScriptingObjects (0ms)
		CreateAndSetChildDomain (25ms)
	RebuildCommonClasses (28ms)
	RebuildNativeTypeToScriptingClass (10ms)
	initialDomainReloadingComplete (25ms)
	LoadAllAssembliesAndSetupDomain (208ms)
		LoadAssemblies (236ms)
		RebuildTransferFunctionScriptingTraits (0ms)
		AnalyzeDomain (37ms)
			TypeCache.Refresh (8ms)
				TypeCache.ScanAssembly (0ms)
			ScanForSourceGeneratedMonoScriptInfo (18ms)
			ResolveRequiredComponents (10ms)
	FinalizeReload (1055ms)
		ReleaseScriptCaches (0ms)
		RebuildScriptCaches (0ms)
		SetupLoadedEditorAssemblies (499ms)
			LogAssemblyErrors (0ms)
			InitializePlatformSupportModulesInManaged (5ms)
			SetLoadedEditorAssemblies (3ms)
			RefreshPlugins (0ms)
			BeforeProcessingInitializeOnLoad (67ms)
			ProcessInitializeOnLoadAttributes (370ms)
			ProcessInitializeOnLoadMethodAttributes (48ms)
			AfterProcessingInitializeOnLoad (6ms)
			EditorAssembliesLoaded (0ms)
		ExecutionOrderSort2 (0ms)
		AwakeInstancesAfterBackupRestoration (4ms)
Refreshing native plugins compatible for Editor in 4.84 ms, found 5 plugins.
Preloading 0 native plugins for Editor in 0.00 ms.
Unloading 5071 Unused Serialized files (Serialized files now loaded: 0)
Unloading 25 unused Assets / (0.7 MB). Loaded Objects now: 5682.
Memory consumption went from 189.1 MB to 188.4 MB.
Total: 2.937800 ms (FindLiveObjects: 0.337200 ms CreateObjectMapping: 0.314300 ms MarkObjects: 2.032000 ms  DeleteObjects: 0.253800 ms)

Prepare: number of updated asset objects reloaded= 0
AssetImportParameters requested are different than current active one (requested -> active):
  custom:container-demuxer-ogg: 62fdf1f143b41e24485cea50d1cbac27 -> 
  custom:video-decoder-ogg-theora: a1e56fd34408186e4bbccfd4996cb3dc -> 
  custom:framework-win-MediaFoundation: 216162199b28c13a410421893ffa2e32 -> 
  custom:CustomObjectIndexerAttribute: 72b91833f83ae208fae7752999fa3104 -> 
  custom:container-demuxer-webm: 4f35f7cbe854078d1ac9338744f61a02 -> 
  custom:container-muxer-webm: aa71ff27fc2769a1b78a27578f13a17b -> 
  custom:video-decoder-webm-vp8: 9c59270c3fd7afecdb556c50c9e8de78 -> 
  custom:SearchIndexIgnoredProperties: e643bd26f0fe6173181afceb89e7c659 -> 
  custom:scripting/precompiled-assembly-types:PlayModeTests: 01201458a1a12b6821ba3ba714bb8458 -> 3bb08c5da998212b299b22a516533d20
  custom:AudioImporter_EditorPlatform: d09bf68614088b80899f8185d706f6e7 -> 
  custom:video-encoder-webm-vp8: eb34c28f22e8b96e1ab97ce403110664 -> 
  custom:audio-decoder-ogg-vorbis: bf7c407c2cedff20999df2af8eb42d56 -> 
  custom:audio-encoder-webm-vorbis: bf7c407c2cedff20999df2af8eb42d56 -> 
  custom:scripting/monoscript/fileName/AI_Test.cs: 101b1c86fa2447d1fdc9b5bf6716293b -> 
========================================================================
Received Prepare
Caller must complete domain reload
Begin MonoManager ReloadAssembly
- Loaded All Assemblies, in  0.412 seconds
Native extension for WindowsStandalone target not found
[Package Manager] Server::EnsureServerProcessIsRunning -- launch failed, reason: Unity was launched with the -noUpm command-line argument
[Package Manager] UpmClient::Send -- Unable to send message (not connected to UPM process).
[Package Manager] Cannot connect to Unity Package Manager local server
Mono: successfully reloaded assembly
- Finished resetting the current domain, in  1.027 seconds
Domain Reload Profiling: 1438ms
	BeginReloadAssembly (123ms)
		ExecutionOrderSort (0ms)
		DisableScriptedObjects (3ms)
		BackupInstance (0ms)
		ReleaseScriptingObjects (0ms)
		CreateAndSetChildDomain (25ms)
	RebuildCommonClasses (28ms)
	RebuildNativeTypeToScriptingClass (10ms)
	initialDomainReloadingComplete (25ms)
	LoadAllAssembliesAndSetupDomain (224ms)
		LoadAssemblies (255ms)
		RebuildTransferFunctionScriptingTraits (0ms)
		AnalyzeDomain (36ms)
			TypeCache.Refresh (8ms)
				TypeCache.ScanAssembly (0ms)
			ScanForSourceGeneratedMonoScriptInfo (17ms)
			ResolveRequiredComponents (10ms)
	FinalizeReload (1028ms)
		ReleaseScriptCaches (0ms)
		RebuildScriptCaches (0ms)
		SetupLoadedEditorAssemblies (497ms)
			LogAssemblyErrors (0ms)
			InitializePlatformSupportModulesInManaged (5ms)
			SetLoadedEditorAssemblies (3ms)
			RefreshPlugins (0ms)
			BeforeProcessingInitializeOnLoad (68ms)
			ProcessInitializeOnLoadAttributes (368ms)
			ProcessInitializeOnLoadMethodAttributes (47ms)
			AfterProcessingInitializeOnLoad (6ms)
			EditorAssembliesLoaded (0ms)
		ExecutionOrderSort2 (0ms)
		AwakeInstancesAfterBackupRestoration (4ms)
Refreshing native plugins compatible for Editor in 5.01 ms, found 5 plugins.
Preloading 0 native plugins for Editor in 0.00 ms.
Unloading 5071 Unused Serialized files (Serialized files now loaded: 0)
Unloading 25 unused Assets / (0.7 MB). Loaded Objects now: 5685.
Memory consumption went from 189.1 MB to 188.4 MB.
Total: 3.037600 ms (FindLiveObjects: 0.321800 ms CreateObjectMapping: 0.345600 ms MarkObjects: 2.107200 ms  DeleteObjects: 0.262400 ms)

Prepare: number of updated asset objects reloaded= 0
AssetImportParameters requested are different than current active one (requested -> active):
  custom:container-demuxer-ogg: 62fdf1f143b41e24485cea50d1cbac27 -> 
  custom:video-decoder-ogg-theora: a1e56fd34408186e4bbccfd4996cb3dc -> 
  custom:framework-win-MediaFoundation: 216162199b28c13a410421893ffa2e32 -> 
  custom:CustomObjectIndexerAttribute: 72b91833f83ae208fae7752999fa3104 -> 
  custom:container-demuxer-webm: 4f35f7cbe854078d1ac9338744f61a02 -> 
  custom:container-muxer-webm: aa71ff27fc2769a1b78a27578f13a17b -> 
  custom:video-decoder-webm-vp8: 9c59270c3fd7afecdb556c50c9e8de78 -> 
  custom:SearchIndexIgnoredProperties: e643bd26f0fe6173181afceb89e7c659 -> 
  custom:scripting/precompiled-assembly-types:PlayModeTests: 01201458a1a12b6821ba3ba714bb8458 -> 3bb08c5da998212b299b22a516533d20
  custom:AudioImporter_EditorPlatform: d09bf68614088b80899f8185d706f6e7 -> 
  custom:video-encoder-webm-vp8: eb34c28f22e8b96e1ab97ce403110664 -> 
  custom:audio-decoder-ogg-vorbis: bf7c407c2cedff20999df2af8eb42d56 -> 
  custom:audio-encoder-webm-vorbis: bf7c407c2cedff20999df2af8eb42d56 -> 
  custom:scripting/monoscript/fileName/AI_Test.cs: 101b1c86fa2447d1fdc9b5bf6716293b -> 
========================================================================
Received Prepare
Caller must complete domain reload
Begin MonoManager ReloadAssembly
- Loaded All Assemblies, in  0.379 seconds
Native extension for WindowsStandalone target not found
[Package Manager] Server::EnsureServerProcessIsRunning -- launch failed, reason: Unity was launched with the -noUpm command-line argument
[Package Manager] UpmClient::Send -- Unable to send message (not connected to UPM process).
[Package Manager] Cannot connect to Unity Package Manager local server
Mono: successfully reloaded assembly
- Finished resetting the current domain, in  1.022 seconds
Domain Reload Profiling: 1400ms
	BeginReloadAssembly (122ms)
		ExecutionOrderSort (0ms)
		DisableScriptedObjects (4ms)
		BackupInstance (0ms)
		ReleaseScriptingObjects (0ms)
		CreateAndSetChildDomain (25ms)
	RebuildCommonClasses (28ms)
	RebuildNativeTypeToScriptingClass (10ms)
	initialDomainReloadingComplete (26ms)
	LoadAllAssembliesAndSetupDomain (191ms)
		LoadAssemblies (240ms)
		RebuildTransferFunctionScriptingTraits (0ms)
		AnalyzeDomain (17ms)
			TypeCache.Refresh (5ms)
				TypeCache.ScanAssembly (0ms)
			ScanForSourceGeneratedMonoScriptInfo (0ms)
			ResolveRequiredComponents (10ms)
	FinalizeReload (1023ms)
		ReleaseScriptCaches (0ms)
		RebuildScriptCaches (0ms)
		SetupLoadedEditorAssemblies (500ms)
			LogAssemblyErrors (0ms)
			InitializePlatformSupportModulesInManaged (5ms)
			SetLoadedEditorAssemblies (3ms)
			RefreshPlugins (0ms)
			BeforeProcessingInitializeOnLoad (67ms)
			ProcessInitializeOnLoadAttributes (372ms)
			ProcessInitializeOnLoadMethodAttributes (47ms)
			AfterProcessingInitializeOnLoad (6ms)
			EditorAssembliesLoaded (0ms)
		ExecutionOrderSort2 (0ms)
		AwakeInstancesAfterBackupRestoration (4ms)
Refreshing native plugins compatible for Editor in 4.96 ms, found 5 plugins.
Preloading 0 native plugins for Editor in 0.00 ms.
Unloading 5071 Unused Serialized files (Serialized files now loaded: 0)
Unloading 25 unused Assets / (0.7 MB). Loaded Objects now: 5688.
Memory consumption went from 189.1 MB to 188.4 MB.
Total: 2.920200 ms (FindLiveObjects: 0.314100 ms CreateObjectMapping: 0.302100 ms MarkObjects: 2.056500 ms  DeleteObjects: 0.246900 ms)

Prepare: number of updated asset objects reloaded= 0
AssetImportParameters requested are different than current active one (requested -> active):
  custom:container-demuxer-ogg: 62fdf1f143b41e24485cea50d1cbac27 -> 
  custom:video-decoder-ogg-theora: a1e56fd34408186e4bbccfd4996cb3dc -> 
  custom:framework-win-MediaFoundation: 216162199b28c13a410421893ffa2e32 -> 
  custom:CustomObjectIndexerAttribute: 72b91833f83ae208fae7752999fa3104 -> 
  custom:container-demuxer-webm: 4f35f7cbe854078d1ac9338744f61a02 -> 
  custom:container-muxer-webm: aa71ff27fc2769a1b78a27578f13a17b -> 
  custom:video-decoder-webm-vp8: 9c59270c3fd7afecdb556c50c9e8de78 -> 
  custom:SearchIndexIgnoredProperties: e643bd26f0fe6173181afceb89e7c659 -> 
  custom:scripting/precompiled-assembly-types:PlayModeTests: 01201458a1a12b6821ba3ba714bb8458 -> 3bb08c5da998212b299b22a516533d20
  custom:AudioImporter_EditorPlatform: d09bf68614088b80899f8185d706f6e7 -> 
  custom:video-encoder-webm-vp8: eb34c28f22e8b96e1ab97ce403110664 -> 
  custom:audio-decoder-ogg-vorbis: bf7c407c2cedff20999df2af8eb42d56 -> 
  custom:audio-encoder-webm-vorbis: bf7c407c2cedff20999df2af8eb42d56 -> 
  custom:scripting/monoscript/fileName/AI_Test.cs: 101b1c86fa2447d1fdc9b5bf6716293b -> 
========================================================================
Received Prepare
Caller must complete domain reload
Begin MonoManager ReloadAssembly
- Loaded All Assemblies, in  0.379 seconds
Native extension for WindowsStandalone target not found
[Package Manager] Server::EnsureServerProcessIsRunning -- launch failed, reason: Unity was launched with the -noUpm command-line argument
[Package Manager] UpmClient::Send -- Unable to send message (not connected to UPM process).
[Package Manager] Cannot connect to Unity Package Manager local server
Mono: successfully reloaded assembly
- Finished resetting the current domain, in  1.120 seconds
Domain Reload Profiling: 1497ms
	BeginReloadAssembly (122ms)
		ExecutionOrderSort (0ms)
		DisableScriptedObjects (4ms)
		BackupInstance (0ms)
		ReleaseScriptingObjects (0ms)
		CreateAndSetChildDomain (25ms)
	RebuildCommonClasses (28ms)
	RebuildNativeTypeToScriptingClass (10ms)
	initialDomainReloadingComplete (25ms)
	LoadAllAssembliesAndSetupDomain (192ms)
		LoadAssemblies (241ms)
		RebuildTransferFunctionScriptingTraits (0ms)
		AnalyzeDomain (17ms)
			TypeCache.Refresh (5ms)
				TypeCache.ScanAssembly (0ms)
			ScanForSourceGeneratedMonoScriptInfo (0ms)
			ResolveRequiredComponents (10ms)
	FinalizeReload (1120ms)
		ReleaseScriptCaches (0ms)
		RebuildScriptCaches (0ms)
		SetupLoadedEditorAssemblies (589ms)
			LogAssemblyErrors (0ms)
			InitializePlatformSupportModulesInManaged (5ms)
			SetLoadedEditorAssemblies (4ms)
			RefreshPlugins (0ms)
			BeforeProcessingInitializeOnLoad (116ms)
			ProcessInitializeOnLoadAttributes (405ms)
			ProcessInitializeOnLoadMethodAttributes (52ms)
			AfterProcessingInitializeOnLoad (6ms)
			EditorAssembliesLoaded (0ms)
		ExecutionOrderSort2 (0ms)
		AwakeInstancesAfterBackupRestoration (4ms)
Refreshing native plugins compatible for Editor in 5.22 ms, found 5 plugins.
Preloading 0 native plugins for Editor in 0.00 ms.
Unloading 5071 Unused Serialized files (Serialized files now loaded: 0)
Unloading 25 unused Assets / (0.7 MB). Loaded Objects now: 5691.
Memory consumption went from 189.1 MB to 188.4 MB.
Total: 3.173400 ms (FindLiveObjects: 0.323000 ms CreateObjectMapping: 0.308100 ms MarkObjects: 2.265500 ms  DeleteObjects: 0.275900 ms)

Prepare: number of updated asset objects reloaded= 0
AssetImportParameters requested are different than current active one (requested -> active):
  custom:container-demuxer-ogg: 62fdf1f143b41e24485cea50d1cbac27 -> 
  custom:video-decoder-ogg-theora: a1e56fd34408186e4bbccfd4996cb3dc -> 
  custom:framework-win-MediaFoundation: 216162199b28c13a410421893ffa2e32 -> 
  custom:CustomObjectIndexerAttribute: 72b91833f83ae208fae7752999fa3104 -> 
  custom:container-demuxer-webm: 4f35f7cbe854078d1ac9338744f61a02 -> 
  custom:container-muxer-webm: aa71ff27fc2769a1b78a27578f13a17b -> 
  custom:video-decoder-webm-vp8: 9c59270c3fd7afecdb556c50c9e8de78 -> 
  custom:SearchIndexIgnoredProperties: e643bd26f0fe6173181afceb89e7c659 -> 
  custom:scripting/precompiled-assembly-types:PlayModeTests: 01201458a1a12b6821ba3ba714bb8458 -> 3bb08c5da998212b299b22a516533d20
  custom:AudioImporter_EditorPlatform: d09bf68614088b80899f8185d706f6e7 -> 
  custom:video-encoder-webm-vp8: eb34c28f22e8b96e1ab97ce403110664 -> 
  custom:audio-decoder-ogg-vorbis: bf7c407c2cedff20999df2af8eb42d56 -> 
  custom:audio-encoder-webm-vorbis: bf7c407c2cedff20999df2af8eb42d56 -> 
  custom:scripting/monoscript/fileName/AI_Test.cs: 101b1c86fa2447d1fdc9b5bf6716293b -> 
========================================================================
Received Prepare
Caller must complete domain reload
Begin MonoManager ReloadAssembly
- Loaded All Assemblies, in  0.377 seconds
Native extension for WindowsStandalone target not found
[Package Manager] Server::EnsureServerProcessIsRunning -- launch failed, reason: Unity was launched with the -noUpm command-line argument
[Package Manager] UpmClient::Send -- Unable to send message (not connected to UPM process).
[Package Manager] Cannot connect to Unity Package Manager local server
Mono: successfully reloaded assembly
- Finished resetting the current domain, in  1.064 seconds
Domain Reload Profiling: 1439ms
	BeginReloadAssembly (122ms)
		ExecutionOrderSort (0ms)
		DisableScriptedObjects (4ms)
		BackupInstance (0ms)
		ReleaseScriptingObjects (0ms)
		CreateAndSetChildDomain (25ms)
	RebuildCommonClasses (27ms)
	RebuildNativeTypeToScriptingClass (10ms)
	initialDomainReloadingComplete (25ms)
	LoadAllAssembliesAndSetupDomain (191ms)
		LoadAssemblies (240ms)
		RebuildTransferFunctionScriptingTraits (0ms)
		AnalyzeDomain (17ms)
			TypeCache.Refresh (5ms)
				TypeCache.ScanAssembly (0ms)
			ScanForSourceGeneratedMonoScriptInfo (0ms)
			ResolveRequiredComponents (10ms)
	FinalizeReload (1064ms)
		ReleaseScriptCaches (0ms)
		RebuildScriptCaches (0ms)
		SetupLoadedEditorAssemblies (534ms)
			LogAssemblyErrors (0ms)
			InitializePlatformSupportModulesInManaged (5ms)
			SetLoadedEditorAssemblies (3ms)
			RefreshPlugins (0ms)
			BeforeProcessingInitializeOnLoad (71ms)
			ProcessInitializeOnLoadAttributes (397ms)
			ProcessInitializeOnLoadMethodAttributes (52ms)
			AfterProcessingInitializeOnLoad (6ms)
			EditorAssembliesLoaded (0ms)
		ExecutionOrderSort2 (0ms)
		AwakeInstancesAfterBackupRestoration (4ms)
Refreshing native plugins compatible for Editor in 5.24 ms, found 5 plugins.
Preloading 0 native plugins for Editor in 0.00 ms.
Unloading 5071 Unused Serialized files (Serialized files now loaded: 0)
Unloading 25 unused Assets / (0.7 MB). Loaded Objects now: 5694.
Memory consumption went from 189.1 MB to 188.4 MB.
Total: 3.630700 ms (FindLiveObjects: 0.424800 ms CreateObjectMapping: 0.438500 ms MarkObjects: 2.422500 ms  DeleteObjects: 0.343800 ms)

Prepare: number of updated asset objects reloaded= 0
AssetImportParameters requested are different than current active one (requested -> active):
  custom:container-demuxer-ogg: 62fdf1f143b41e24485cea50d1cbac27 -> 
  custom:video-decoder-ogg-theora: a1e56fd34408186e4bbccfd4996cb3dc -> 
  custom:framework-win-MediaFoundation: 216162199b28c13a410421893ffa2e32 -> 
  custom:CustomObjectIndexerAttribute: 72b91833f83ae208fae7752999fa3104 -> 
  custom:container-demuxer-webm: 4f35f7cbe854078d1ac9338744f61a02 -> 
  custom:container-muxer-webm: aa71ff27fc2769a1b78a27578f13a17b -> 
  custom:video-decoder-webm-vp8: 9c59270c3fd7afecdb556c50c9e8de78 -> 
  custom:SearchIndexIgnoredProperties: e643bd26f0fe6173181afceb89e7c659 -> 
  custom:scripting/precompiled-assembly-types:PlayModeTests: 01201458a1a12b6821ba3ba714bb8458 -> 3bb08c5da998212b299b22a516533d20
  custom:AudioImporter_EditorPlatform: d09bf68614088b80899f8185d706f6e7 -> 
  custom:video-encoder-webm-vp8: eb34c28f22e8b96e1ab97ce403110664 -> 
  custom:audio-decoder-ogg-vorbis: bf7c407c2cedff20999df2af8eb42d56 -> 
  custom:audio-encoder-webm-vorbis: bf7c407c2cedff20999df2af8eb42d56 -> 
  custom:scripting/monoscript/fileName/AI_Test.cs: 101b1c86fa2447d1fdc9b5bf6716293b -> 
========================================================================
Received Import Request.
  Time since last request: 594.754796 seconds.
  path: Assets/Scripts/ONNXModelLoader.cs
  artifactKey: Guid(e868a6344010dab4bb4ea4f39f703701) Importer(815301076,1909f56bfc062723c751e8b465ee728b)
Start importing Assets/Scripts/ONNXModelLoader.cs using Guid(e868a6344010dab4bb4ea4f39f703701) Importer(815301076,1909f56bfc062723c751e8b465ee728b) [PhysX] Initialized MultithreadedTaskDispatcher with 6 workers.
 -> (artifact id: '5481834ea21964da0664e38cc51298eb') in 0.001267 seconds
Number of updated asset objects reloaded before import = 0
Number of asset objects unloaded after import = 0
========================================================================
Received Prepare
Caller must complete domain reload
Begin MonoManager ReloadAssembly
- Loaded All Assemblies, in  0.399 seconds
Native extension for WindowsStandalone target not found
[Package Manager] Server::EnsureServerProcessIsRunning -- launch failed, reason: Unity was launched with the -noUpm command-line argument
[Package Manager] UpmClient::Send -- Unable to send message (not connected to UPM process).
[Package Manager] Cannot connect to Unity Package Manager local server
Mono: successfully reloaded assembly
- Finished resetting the current domain, in  1.107 seconds
Domain Reload Profiling: 1505ms
	BeginReloadAssembly (123ms)
		ExecutionOrderSort (0ms)
		DisableScriptedObjects (4ms)
		BackupInstance (0ms)
		ReleaseScriptingObjects (0ms)
		CreateAndSetChildDomain (26ms)
	RebuildCommonClasses (28ms)
	RebuildNativeTypeToScriptingClass (10ms)
	initialDomainReloadingComplete (26ms)
	LoadAllAssembliesAndSetupDomain (211ms)
		LoadAssemblies (240ms)
		RebuildTransferFunctionScriptingTraits (0ms)
		AnalyzeDomain (38ms)
			TypeCache.Refresh (9ms)
				TypeCache.ScanAssembly (1ms)
			ScanForSourceGeneratedMonoScriptInfo (17ms)
			ResolveRequiredComponents (10ms)
	FinalizeReload (1108ms)
		ReleaseScriptCaches (0ms)
		RebuildScriptCaches (0ms)
		SetupLoadedEditorAssemblies (561ms)
			LogAssemblyErrors (0ms)
			InitializePlatformSupportModulesInManaged (6ms)
			SetLoadedEditorAssemblies (4ms)
			RefreshPlugins (0ms)
			BeforeProcessingInitializeOnLoad (77ms)
			ProcessInitializeOnLoadAttributes (418ms)
			ProcessInitializeOnLoadMethodAttributes (51ms)
			AfterProcessingInitializeOnLoad (6ms)
			EditorAssembliesLoaded (0ms)
		ExecutionOrderSort2 (0ms)
		AwakeInstancesAfterBackupRestoration (4ms)
Refreshing native plugins compatible for Editor in 5.48 ms, found 5 plugins.
Preloading 0 native plugins for Editor in 0.00 ms.
Unloading 5070 Unused Serialized files (Serialized files now loaded: 0)
Unloading 25 unused Assets / (0.7 MB). Loaded Objects now: 5697.
Memory consumption went from 188.9 MB to 188.2 MB.
Total: 3.100300 ms (FindLiveObjects: 0.331200 ms CreateObjectMapping: 0.302400 ms MarkObjects: 2.195700 ms  DeleteObjects: 0.270200 ms)

Prepare: number of updated asset objects reloaded= 0
AssetImportParameters requested are different than current active one (requested -> active):
  custom:container-demuxer-ogg: 62fdf1f143b41e24485cea50d1cbac27 -> 
  custom:video-decoder-ogg-theora: a1e56fd34408186e4bbccfd4996cb3dc -> 
  custom:framework-win-MediaFoundation: 216162199b28c13a410421893ffa2e32 -> 
  custom:CustomObjectIndexerAttribute: 72b91833f83ae208fae7752999fa3104 -> 
  custom:container-demuxer-webm: 4f35f7cbe854078d1ac9338744f61a02 -> 
  custom:container-muxer-webm: aa71ff27fc2769a1b78a27578f13a17b -> 
  custom:video-decoder-webm-vp8: 9c59270c3fd7afecdb556c50c9e8de78 -> 
  custom:SearchIndexIgnoredProperties: e643bd26f0fe6173181afceb89e7c659 -> 
  custom:scripting/precompiled-assembly-types:PlayModeTests: 01201458a1a12b6821ba3ba714bb8458 -> 3bb08c5da998212b299b22a516533d20
  custom:AudioImporter_EditorPlatform: d09bf68614088b80899f8185d706f6e7 -> 
  custom:video-encoder-webm-vp8: eb34c28f22e8b96e1ab97ce403110664 -> 
  custom:audio-decoder-ogg-vorbis: bf7c407c2cedff20999df2af8eb42d56 -> 
  custom:audio-encoder-webm-vorbis: bf7c407c2cedff20999df2af8eb42d56 -> 
  custom:scripting/monoscript/fileName/AI_Test.cs: 101b1c86fa2447d1fdc9b5bf6716293b -> 
========================================================================
Received Import Request.
  Time since last request: 32.788138 seconds.
  path: Assets/Scripts/ONNXModelLoader.cs
  artifactKey: Guid(e868a6344010dab4bb4ea4f39f703701) Importer(815301076,1909f56bfc062723c751e8b465ee728b)
Start importing Assets/Scripts/ONNXModelLoader.cs using Guid(e868a6344010dab4bb4ea4f39f703701) Importer(815301076,1909f56bfc062723c751e8b465ee728b) [PhysX] Initialized MultithreadedTaskDispatcher with 6 workers.
 -> (artifact id: '334a0c47a702c9aeccb512bc7498d5a3') in 0.001269 seconds
Number of updated asset objects reloaded before import = 0
Number of asset objects unloaded after import = 0
========================================================================
Received Prepare
Caller must complete domain reload
Begin MonoManager ReloadAssembly
- Loaded All Assemblies, in  0.396 seconds
Native extension for WindowsStandalone target not found
[Package Manager] Server::EnsureServerProcessIsRunning -- launch failed, reason: Unity was launched with the -noUpm command-line argument
[Package Manager] UpmClient::Send -- Unable to send message (not connected to UPM process).
[Package Manager] Cannot connect to Unity Package Manager local server
Mono: successfully reloaded assembly
- Finished resetting the current domain, in  1.111 seconds
Domain Reload Profiling: 1505ms
	BeginReloadAssembly (121ms)
		ExecutionOrderSort (0ms)
		DisableScriptedObjects (4ms)
		BackupInstance (0ms)
		ReleaseScriptingObjects (0ms)
		CreateAndSetChildDomain (26ms)
	RebuildCommonClasses (28ms)
	RebuildNativeTypeToScriptingClass (10ms)
	initialDomainReloadingComplete (25ms)
	LoadAllAssembliesAndSetupDomain (210ms)
		LoadAssemblies (238ms)
		RebuildTransferFunctionScriptingTraits (0ms)
		AnalyzeDomain (37ms)
			TypeCache.Refresh (9ms)
				TypeCache.ScanAssembly (1ms)
			ScanForSourceGeneratedMonoScriptInfo (17ms)
			ResolveRequiredComponents (10ms)
	FinalizeReload (1111ms)
		ReleaseScriptCaches (0ms)
		RebuildScriptCaches (0ms)
		SetupLoadedEditorAssemblies (549ms)
			LogAssemblyErrors (0ms)
			InitializePlatformSupportModulesInManaged (6ms)
			SetLoadedEditorAssemblies (4ms)
			RefreshPlugins (0ms)
			BeforeProcessingInitializeOnLoad (75ms)
			ProcessInitializeOnLoadAttributes (408ms)
			ProcessInitializeOnLoadMethodAttributes (50ms)
			AfterProcessingInitializeOnLoad (6ms)
			EditorAssembliesLoaded (0ms)
		ExecutionOrderSort2 (0ms)
		AwakeInstancesAfterBackupRestoration (4ms)
Refreshing native plugins compatible for Editor in 5.29 ms, found 5 plugins.
Preloading 0 native plugins for Editor in 0.00 ms.
Unloading 5070 Unused Serialized files (Serialized files now loaded: 0)
Unloading 25 unused Assets / (0.7 MB). Loaded Objects now: 5700.
Memory consumption went from 188.9 MB to 188.2 MB.
Total: 3.155400 ms (FindLiveObjects: 0.356900 ms CreateObjectMapping: 0.341300 ms MarkObjects: 2.182400 ms  DeleteObjects: 0.274100 ms)

Prepare: number of updated asset objects reloaded= 0
AssetImportParameters requested are different than current active one (requested -> active):
  custom:container-demuxer-ogg: 62fdf1f143b41e24485cea50d1cbac27 -> 
  custom:video-decoder-ogg-theora: a1e56fd34408186e4bbccfd4996cb3dc -> 
  custom:framework-win-MediaFoundation: 216162199b28c13a410421893ffa2e32 -> 
  custom:CustomObjectIndexerAttribute: 72b91833f83ae208fae7752999fa3104 -> 
  custom:container-demuxer-webm: 4f35f7cbe854078d1ac9338744f61a02 -> 
  custom:container-muxer-webm: aa71ff27fc2769a1b78a27578f13a17b -> 
  custom:video-decoder-webm-vp8: 9c59270c3fd7afecdb556c50c9e8de78 -> 
  custom:SearchIndexIgnoredProperties: e643bd26f0fe6173181afceb89e7c659 -> 
  custom:scripting/precompiled-assembly-types:PlayModeTests: 01201458a1a12b6821ba3ba714bb8458 -> 3bb08c5da998212b299b22a516533d20
  custom:AudioImporter_EditorPlatform: d09bf68614088b80899f8185d706f6e7 -> 
  custom:video-encoder-webm-vp8: eb34c28f22e8b96e1ab97ce403110664 -> 
  custom:audio-decoder-ogg-vorbis: bf7c407c2cedff20999df2af8eb42d56 -> 
  custom:audio-encoder-webm-vorbis: bf7c407c2cedff20999df2af8eb42d56 -> 
  custom:scripting/monoscript/fileName/AI_Test.cs: 101b1c86fa2447d1fdc9b5bf6716293b -> 
========================================================================
Received Import Request.
  Time since last request: 255.955673 seconds.
  path: Assets/Scripts/ONNXModelLoader.cs
  artifactKey: Guid(e868a6344010dab4bb4ea4f39f703701) Importer(815301076,1909f56bfc062723c751e8b465ee728b)
Start importing Assets/Scripts/ONNXModelLoader.cs using Guid(e868a6344010dab4bb4ea4f39f703701) Importer(815301076,1909f56bfc062723c751e8b465ee728b) [PhysX] Initialized MultithreadedTaskDispatcher with 6 workers.
 -> (artifact id: 'e3aaeadce9dc9c8904ce792065c42da0') in 0.001335 seconds
Number of updated asset objects reloaded before import = 0
Number of asset objects unloaded after import = 0
========================================================================
Received Prepare
Caller must complete domain reload
Begin MonoManager ReloadAssembly
- Loaded All Assemblies, in  0.379 seconds
Native extension for WindowsStandalone target not found
[Package Manager] Server::EnsureServerProcessIsRunning -- launch failed, reason: Unity was launched with the -noUpm command-line argument
[Package Manager] UpmClient::Send -- Unable to send message (not connected to UPM process).
[Package Manager] Cannot connect to Unity Package Manager local server
Mono: successfully reloaded assembly
- Finished resetting the current domain, in  1.083 seconds
Domain Reload Profiling: 1460ms
	BeginReloadAssembly (123ms)
		ExecutionOrderSort (0ms)
		DisableScriptedObjects (3ms)
		BackupInstance (0ms)
		ReleaseScriptingObjects (0ms)
		CreateAndSetChildDomain (26ms)
	RebuildCommonClasses (28ms)
	RebuildNativeTypeToScriptingClass (10ms)
	initialDomainReloadingComplete (25ms)
	LoadAllAssembliesAndSetupDomain (191ms)
		LoadAssemblies (240ms)
		RebuildTransferFunctionScriptingTraits (0ms)
		AnalyzeDomain (17ms)
			TypeCache.Refresh (5ms)
				TypeCache.ScanAssembly (0ms)
			ScanForSourceGeneratedMonoScriptInfo (0ms)
			ResolveRequiredComponents (10ms)
	FinalizeReload (1084ms)
		ReleaseScriptCaches (0ms)
		RebuildScriptCaches (0ms)
		SetupLoadedEditorAssemblies (545ms)
			LogAssemblyErrors (0ms)
			InitializePlatformSupportModulesInManaged (7ms)
			SetLoadedEditorAssemblies (3ms)
			RefreshPlugins (0ms)
			BeforeProcessingInitializeOnLoad (80ms)
			ProcessInitializeOnLoadAttributes (398ms)
			ProcessInitializeOnLoadMethodAttributes (51ms)
			AfterProcessingInitializeOnLoad (6ms)
			EditorAssembliesLoaded (0ms)
		ExecutionOrderSort2 (0ms)
		AwakeInstancesAfterBackupRestoration (4ms)
Refreshing native plugins compatible for Editor in 5.34 ms, found 5 plugins.
Preloading 0 native plugins for Editor in 0.00 ms.
Unloading 5070 Unused Serialized files (Serialized files now loaded: 0)
Unloading 25 unused Assets / (0.7 MB). Loaded Objects now: 5703.
Memory consumption went from 188.9 MB to 188.2 MB.
Total: 3.053500 ms (FindLiveObjects: 0.342700 ms CreateObjectMapping: 0.278300 ms MarkObjects: 2.124600 ms  DeleteObjects: 0.307300 ms)

Prepare: number of updated asset objects reloaded= 0
AssetImportParameters requested are different than current active one (requested -> active):
  custom:container-demuxer-ogg: 62fdf1f143b41e24485cea50d1cbac27 -> 
  custom:video-decoder-ogg-theora: a1e56fd34408186e4bbccfd4996cb3dc -> 
  custom:framework-win-MediaFoundation: 216162199b28c13a410421893ffa2e32 -> 
  custom:CustomObjectIndexerAttribute: 72b91833f83ae208fae7752999fa3104 -> 
  custom:container-demuxer-webm: 4f35f7cbe854078d1ac9338744f61a02 -> 
  custom:container-muxer-webm: aa71ff27fc2769a1b78a27578f13a17b -> 
  custom:video-decoder-webm-vp8: 9c59270c3fd7afecdb556c50c9e8de78 -> 
  custom:SearchIndexIgnoredProperties: e643bd26f0fe6173181afceb89e7c659 -> 
  custom:scripting/precompiled-assembly-types:PlayModeTests: 01201458a1a12b6821ba3ba714bb8458 -> 3bb08c5da998212b299b22a516533d20
  custom:AudioImporter_EditorPlatform: d09bf68614088b80899f8185d706f6e7 -> 
  custom:video-encoder-webm-vp8: eb34c28f22e8b96e1ab97ce403110664 -> 
  custom:audio-decoder-ogg-vorbis: bf7c407c2cedff20999df2af8eb42d56 -> 
  custom:audio-encoder-webm-vorbis: bf7c407c2cedff20999df2af8eb42d56 -> 
  custom:scripting/monoscript/fileName/AI_Test.cs: 101b1c86fa2447d1fdc9b5bf6716293b -> 
========================================================================
Received Prepare
Caller must complete domain reload
Begin MonoManager ReloadAssembly
- Loaded All Assemblies, in  0.422 seconds
Native extension for WindowsStandalone target not found
[Package Manager] Server::EnsureServerProcessIsRunning -- launch failed, reason: Unity was launched with the -noUpm command-line argument
[Package Manager] UpmClient::Send -- Unable to send message (not connected to UPM process).
[Package Manager] Cannot connect to Unity Package Manager local server
Mono: successfully reloaded assembly
- Finished resetting the current domain, in  1.062 seconds
Domain Reload Profiling: 1483ms
	BeginReloadAssembly (123ms)
		ExecutionOrderSort (0ms)
		DisableScriptedObjects (4ms)
		BackupInstance (0ms)
		ReleaseScriptingObjects (0ms)
		CreateAndSetChildDomain (26ms)
	RebuildCommonClasses (31ms)
	RebuildNativeTypeToScriptingClass (10ms)
	initialDomainReloadingComplete (27ms)
	LoadAllAssembliesAndSetupDomain (229ms)
		LoadAssemblies (258ms)
		RebuildTransferFunctionScriptingTraits (0ms)
		AnalyzeDomain (38ms)
			TypeCache.Refresh (8ms)
				TypeCache.ScanAssembly (0ms)
			ScanForSourceGeneratedMonoScriptInfo (17ms)
			ResolveRequiredComponents (10ms)
	FinalizeReload (1063ms)
		ReleaseScriptCaches (0ms)
		RebuildScriptCaches (0ms)
		SetupLoadedEditorAssemblies (498ms)
			LogAssemblyErrors (0ms)
			InitializePlatformSupportModulesInManaged (5ms)
			SetLoadedEditorAssemblies (3ms)
			RefreshPlugins (0ms)
			BeforeProcessingInitializeOnLoad (67ms)
			ProcessInitializeOnLoadAttributes (371ms)
			ProcessInitializeOnLoadMethodAttributes (47ms)
			AfterProcessingInitializeOnLoad (6ms)
			EditorAssembliesLoaded (0ms)
		ExecutionOrderSort2 (0ms)
		AwakeInstancesAfterBackupRestoration (4ms)
Refreshing native plugins compatible for Editor in 4.96 ms, found 5 plugins.
Preloading 0 native plugins for Editor in 0.00 ms.
Unloading 5071 Unused Serialized files (Serialized files now loaded: 0)
Unloading 25 unused Assets / (0.7 MB). Loaded Objects now: 5706.
Memory consumption went from 189.1 MB to 188.4 MB.
Total: 2.929600 ms (FindLiveObjects: 0.317200 ms CreateObjectMapping: 0.273300 ms MarkObjects: 2.087200 ms  DeleteObjects: 0.251200 ms)

Prepare: number of updated asset objects reloaded= 0
AssetImportParameters requested are different than current active one (requested -> active):
  custom:container-demuxer-ogg: 62fdf1f143b41e24485cea50d1cbac27 -> 
  custom:video-decoder-ogg-theora: a1e56fd34408186e4bbccfd4996cb3dc -> 
  custom:framework-win-MediaFoundation: 216162199b28c13a410421893ffa2e32 -> 
  custom:CustomObjectIndexerAttribute: 72b91833f83ae208fae7752999fa3104 -> 
  custom:container-demuxer-webm: 4f35f7cbe854078d1ac9338744f61a02 -> 
  custom:container-muxer-webm: aa71ff27fc2769a1b78a27578f13a17b -> 
  custom:video-decoder-webm-vp8: 9c59270c3fd7afecdb556c50c9e8de78 -> 
  custom:SearchIndexIgnoredProperties: e643bd26f0fe6173181afceb89e7c659 -> 
  custom:scripting/precompiled-assembly-types:PlayModeTests: 01201458a1a12b6821ba3ba714bb8458 -> 3bb08c5da998212b299b22a516533d20
  custom:AudioImporter_EditorPlatform: d09bf68614088b80899f8185d706f6e7 -> 
  custom:video-encoder-webm-vp8: eb34c28f22e8b96e1ab97ce403110664 -> 
  custom:audio-decoder-ogg-vorbis: bf7c407c2cedff20999df2af8eb42d56 -> 
  custom:audio-encoder-webm-vorbis: bf7c407c2cedff20999df2af8eb42d56 -> 
  custom:scripting/monoscript/fileName/AI_Test.cs: 101b1c86fa2447d1fdc9b5bf6716293b -> 
========================================================================
Received Prepare
Caller must complete domain reload
Begin MonoManager ReloadAssembly
- Loaded All Assemblies, in  0.390 seconds
Native extension for WindowsStandalone target not found
[Package Manager] Server::EnsureServerProcessIsRunning -- launch failed, reason: Unity was launched with the -noUpm command-line argument
[Package Manager] UpmClient::Send -- Unable to send message (not connected to UPM process).
[Package Manager] Cannot connect to Unity Package Manager local server
Mono: successfully reloaded assembly
- Finished resetting the current domain, in  1.128 seconds
Domain Reload Profiling: 1516ms
	BeginReloadAssembly (129ms)
		ExecutionOrderSort (0ms)
		DisableScriptedObjects (4ms)
		BackupInstance (0ms)
		ReleaseScriptingObjects (0ms)
		CreateAndSetChildDomain (28ms)
	RebuildCommonClasses (29ms)
	RebuildNativeTypeToScriptingClass (10ms)
	initialDomainReloadingComplete (26ms)
	LoadAllAssembliesAndSetupDomain (194ms)
		LoadAssemblies (246ms)
		RebuildTransferFunctionScriptingTraits (0ms)
		AnalyzeDomain (17ms)
			TypeCache.Refresh (5ms)
				TypeCache.ScanAssembly (0ms)
			ScanForSourceGeneratedMonoScriptInfo (0ms)
			ResolveRequiredComponents (10ms)
	FinalizeReload (1128ms)
		ReleaseScriptCaches (0ms)
		RebuildScriptCaches (0ms)
		SetupLoadedEditorAssemblies (591ms)
			LogAssemblyErrors (0ms)
			InitializePlatformSupportModulesInManaged (6ms)
			SetLoadedEditorAssemblies (4ms)
			RefreshPlugins (0ms)
			BeforeProcessingInitializeOnLoad (113ms)
			ProcessInitializeOnLoadAttributes (407ms)
			ProcessInitializeOnLoadMethodAttributes (54ms)
			AfterProcessingInitializeOnLoad (7ms)
			EditorAssembliesLoaded (0ms)
		ExecutionOrderSort2 (0ms)
		AwakeInstancesAfterBackupRestoration (4ms)
Refreshing native plugins compatible for Editor in 5.71 ms, found 5 plugins.
Preloading 0 native plugins for Editor in 0.00 ms.
Unloading 5071 Unused Serialized files (Serialized files now loaded: 0)
Unloading 25 unused Assets / (0.7 MB). Loaded Objects now: 5709.
Memory consumption went from 189.1 MB to 188.4 MB.
Total: 3.321300 ms (FindLiveObjects: 0.347600 ms CreateObjectMapping: 0.369900 ms MarkObjects: 2.332900 ms  DeleteObjects: 0.270100 ms)

Prepare: number of updated asset objects reloaded= 0
AssetImportParameters requested are different than current active one (requested -> active):
  custom:container-demuxer-ogg: 62fdf1f143b41e24485cea50d1cbac27 -> 
  custom:video-decoder-ogg-theora: a1e56fd34408186e4bbccfd4996cb3dc -> 
  custom:framework-win-MediaFoundation: 216162199b28c13a410421893ffa2e32 -> 
  custom:CustomObjectIndexerAttribute: 72b91833f83ae208fae7752999fa3104 -> 
  custom:container-demuxer-webm: 4f35f7cbe854078d1ac9338744f61a02 -> 
  custom:container-muxer-webm: aa71ff27fc2769a1b78a27578f13a17b -> 
  custom:video-decoder-webm-vp8: 9c59270c3fd7afecdb556c50c9e8de78 -> 
  custom:SearchIndexIgnoredProperties: e643bd26f0fe6173181afceb89e7c659 -> 
  custom:scripting/precompiled-assembly-types:PlayModeTests: 01201458a1a12b6821ba3ba714bb8458 -> 3bb08c5da998212b299b22a516533d20
  custom:AudioImporter_EditorPlatform: d09bf68614088b80899f8185d706f6e7 -> 
  custom:video-encoder-webm-vp8: eb34c28f22e8b96e1ab97ce403110664 -> 
  custom:audio-decoder-ogg-vorbis: bf7c407c2cedff20999df2af8eb42d56 -> 
  custom:audio-encoder-webm-vorbis: bf7c407c2cedff20999df2af8eb42d56 -> 
  custom:scripting/monoscript/fileName/AI_Test.cs: 101b1c86fa2447d1fdc9b5bf6716293b -> 
========================================================================
Received Prepare
Caller must complete domain reload
Begin MonoManager ReloadAssembly
- Loaded All Assemblies, in  0.404 seconds
Native extension for WindowsStandalone target not found
[Package Manager] Server::EnsureServerProcessIsRunning -- launch failed, reason: Unity was launched with the -noUpm command-line argument
[Package Manager] UpmClient::Send -- Unable to send message (not connected to UPM process).
[Package Manager] Cannot connect to Unity Package Manager local server
Mono: successfully reloaded assembly
- Finished resetting the current domain, in  1.132 seconds
Domain Reload Profiling: 1535ms
	BeginReloadAssembly (125ms)
		ExecutionOrderSort (0ms)
		DisableScriptedObjects (4ms)
		BackupInstance (0ms)
		ReleaseScriptingObjects (0ms)
		CreateAndSetChildDomain (25ms)
	RebuildCommonClasses (29ms)
	RebuildNativeTypeToScriptingClass (10ms)
	initialDomainReloadingComplete (25ms)
	LoadAllAssembliesAndSetupDomain (213ms)
		LoadAssemblies (244ms)
		RebuildTransferFunctionScriptingTraits (0ms)
		AnalyzeDomain (37ms)
			TypeCache.Refresh (8ms)
				TypeCache.ScanAssembly (0ms)
			ScanForSourceGeneratedMonoScriptInfo (17ms)
			ResolveRequiredComponents (10ms)
	FinalizeReload (1133ms)
		ReleaseScriptCaches (0ms)
		RebuildScriptCaches (0ms)
		SetupLoadedEditorAssemblies (525ms)
			LogAssemblyErrors (0ms)
			InitializePlatformSupportModulesInManaged (5ms)
			SetLoadedEditorAssemblies (4ms)
			RefreshPlugins (0ms)
			BeforeProcessingInitializeOnLoad (74ms)
			ProcessInitializeOnLoadAttributes (387ms)
			ProcessInitializeOnLoadMethodAttributes (47ms)
			AfterProcessingInitializeOnLoad (7ms)
			EditorAssembliesLoaded (0ms)
		ExecutionOrderSort2 (0ms)
		AwakeInstancesAfterBackupRestoration (5ms)
Refreshing native plugins compatible for Editor in 5.02 ms, found 5 plugins.
Preloading 0 native plugins for Editor in 0.00 ms.
Unloading 5071 Unused Serialized files (Serialized files now loaded: 0)
Unloading 25 unused Assets / (0.7 MB). Loaded Objects now: 5712.
Memory consumption went from 189.1 MB to 188.4 MB.
Total: 2.962800 ms (FindLiveObjects: 0.333800 ms CreateObjectMapping: 0.284900 ms MarkObjects: 2.070100 ms  DeleteObjects: 0.273400 ms)

Prepare: number of updated asset objects reloaded= 0
AssetImportParameters requested are different than current active one (requested -> active):
  custom:container-demuxer-ogg: 62fdf1f143b41e24485cea50d1cbac27 -> 
  custom:video-decoder-ogg-theora: a1e56fd34408186e4bbccfd4996cb3dc -> 
  custom:framework-win-MediaFoundation: 216162199b28c13a410421893ffa2e32 -> 
  custom:CustomObjectIndexerAttribute: 72b91833f83ae208fae7752999fa3104 -> 
  custom:container-demuxer-webm: 4f35f7cbe854078d1ac9338744f61a02 -> 
  custom:container-muxer-webm: aa71ff27fc2769a1b78a27578f13a17b -> 
  custom:video-decoder-webm-vp8: 9c59270c3fd7afecdb556c50c9e8de78 -> 
  custom:SearchIndexIgnoredProperties: e643bd26f0fe6173181afceb89e7c659 -> 
  custom:scripting/precompiled-assembly-types:PlayModeTests: 01201458a1a12b6821ba3ba714bb8458 -> 3bb08c5da998212b299b22a516533d20
  custom:AudioImporter_EditorPlatform: d09bf68614088b80899f8185d706f6e7 -> 
  custom:video-encoder-webm-vp8: eb34c28f22e8b96e1ab97ce403110664 -> 
  custom:audio-decoder-ogg-vorbis: bf7c407c2cedff20999df2af8eb42d56 -> 
  custom:audio-encoder-webm-vorbis: bf7c407c2cedff20999df2af8eb42d56 -> 
  custom:scripting/monoscript/fileName/AI_Test.cs: 101b1c86fa2447d1fdc9b5bf6716293b -> 
========================================================================
Received Prepare
Caller must complete domain reload
Begin MonoManager ReloadAssembly
- Loaded All Assemblies, in  0.380 seconds
Native extension for WindowsStandalone target not found
[Package Manager] Server::EnsureServerProcessIsRunning -- launch failed, reason: Unity was launched with the -noUpm command-line argument
[Package Manager] UpmClient::Send -- Unable to send message (not connected to UPM process).
[Package Manager] Cannot connect to Unity Package Manager local server
Mono: successfully reloaded assembly
- Finished resetting the current domain, in  1.114 seconds
Domain Reload Profiling: 1492ms
	BeginReloadAssembly (122ms)
		ExecutionOrderSort (0ms)
		DisableScriptedObjects (4ms)
		BackupInstance (0ms)
		ReleaseScriptingObjects (0ms)
		CreateAndSetChildDomain (26ms)
	RebuildCommonClasses (28ms)
	RebuildNativeTypeToScriptingClass (10ms)
	initialDomainReloadingComplete (26ms)
	LoadAllAssembliesAndSetupDomain (193ms)
		LoadAssemblies (241ms)
		RebuildTransferFunctionScriptingTraits (0ms)
		AnalyzeDomain (17ms)
			TypeCache.Refresh (5ms)
				TypeCache.ScanAssembly (0ms)
			ScanForSourceGeneratedMonoScriptInfo (0ms)
			ResolveRequiredComponents (10ms)
	FinalizeReload (1114ms)
		ReleaseScriptCaches (0ms)
		RebuildScriptCaches (0ms)
		SetupLoadedEditorAssemblies (587ms)
			LogAssemblyErrors (0ms)
			InitializePlatformSupportModulesInManaged (6ms)
			SetLoadedEditorAssemblies (3ms)
			RefreshPlugins (0ms)
			BeforeProcessingInitializeOnLoad (112ms)
			ProcessInitializeOnLoadAttributes (401ms)
			ProcessInitializeOnLoadMethodAttributes (57ms)
			AfterProcessingInitializeOnLoad (7ms)
			EditorAssembliesLoaded (0ms)
		ExecutionOrderSort2 (0ms)
		AwakeInstancesAfterBackupRestoration (4ms)
Refreshing native plugins compatible for Editor in 5.21 ms, found 5 plugins.
Preloading 0 native plugins for Editor in 0.00 ms.
Unloading 5071 Unused Serialized files (Serialized files now loaded: 0)
Unloading 25 unused Assets / (0.7 MB). Loaded Objects now: 5715.
Memory consumption went from 189.1 MB to 188.4 MB.
Total: 3.144100 ms (FindLiveObjects: 0.364200 ms CreateObjectMapping: 0.378600 ms MarkObjects: 2.115300 ms  DeleteObjects: 0.285700 ms)

Prepare: number of updated asset objects reloaded= 0
AssetImportParameters requested are different than current active one (requested -> active):
  custom:container-demuxer-ogg: 62fdf1f143b41e24485cea50d1cbac27 -> 
  custom:video-decoder-ogg-theora: a1e56fd34408186e4bbccfd4996cb3dc -> 
  custom:framework-win-MediaFoundation: 216162199b28c13a410421893ffa2e32 -> 
  custom:CustomObjectIndexerAttribute: 72b91833f83ae208fae7752999fa3104 -> 
  custom:container-demuxer-webm: 4f35f7cbe854078d1ac9338744f61a02 -> 
  custom:container-muxer-webm: aa71ff27fc2769a1b78a27578f13a17b -> 
  custom:video-decoder-webm-vp8: 9c59270c3fd7afecdb556c50c9e8de78 -> 
  custom:SearchIndexIgnoredProperties: e643bd26f0fe6173181afceb89e7c659 -> 
  custom:scripting/precompiled-assembly-types:PlayModeTests: 01201458a1a12b6821ba3ba714bb8458 -> 3bb08c5da998212b299b22a516533d20
  custom:AudioImporter_EditorPlatform: d09bf68614088b80899f8185d706f6e7 -> 
  custom:video-encoder-webm-vp8: eb34c28f22e8b96e1ab97ce403110664 -> 
  custom:audio-decoder-ogg-vorbis: bf7c407c2cedff20999df2af8eb42d56 -> 
  custom:audio-encoder-webm-vorbis: bf7c407c2cedff20999df2af8eb42d56 -> 
  custom:scripting/monoscript/fileName/AI_Test.cs: 101b1c86fa2447d1fdc9b5bf6716293b -> 
========================================================================
Received Prepare
Caller must complete domain reload
Begin MonoManager ReloadAssembly
- Loaded All Assemblies, in  0.401 seconds
Native extension for WindowsStandalone target not found
[Package Manager] Server::EnsureServerProcessIsRunning -- launch failed, reason: Unity was launched with the -noUpm command-line argument
[Package Manager] UpmClient::Send -- Unable to send message (not connected to UPM process).
[Package Manager] Cannot connect to Unity Package Manager local server
Mono: successfully reloaded assembly
- Finished resetting the current domain, in  1.073 seconds
Domain Reload Profiling: 1472ms
	BeginReloadAssembly (123ms)
		ExecutionOrderSort (0ms)
		DisableScriptedObjects (4ms)
		BackupInstance (0ms)
		ReleaseScriptingObjects (0ms)
		CreateAndSetChildDomain (25ms)
	RebuildCommonClasses (28ms)
	RebuildNativeTypeToScriptingClass (10ms)
	initialDomainReloadingComplete (26ms)
	LoadAllAssembliesAndSetupDomain (213ms)
		LoadAssemblies (242ms)
		RebuildTransferFunctionScriptingTraits (0ms)
		AnalyzeDomain (37ms)
			TypeCache.Refresh (8ms)
				TypeCache.ScanAssembly (0ms)
			ScanForSourceGeneratedMonoScriptInfo (17ms)
			ResolveRequiredComponents (11ms)
	FinalizeReload (1073ms)
		ReleaseScriptCaches (0ms)
		RebuildScriptCaches (0ms)
		SetupLoadedEditorAssemblies (515ms)
			LogAssemblyErrors (0ms)
			InitializePlatformSupportModulesInManaged (5ms)
			SetLoadedEditorAssemblies (4ms)
			RefreshPlugins (0ms)
			BeforeProcessingInitializeOnLoad (71ms)
			ProcessInitializeOnLoadAttributes (383ms)
			ProcessInitializeOnLoadMethodAttributes (46ms)
			AfterProcessingInitializeOnLoad (6ms)
			EditorAssembliesLoaded (0ms)
		ExecutionOrderSort2 (0ms)
		AwakeInstancesAfterBackupRestoration (4ms)
Refreshing native plugins compatible for Editor in 5.00 ms, found 5 plugins.
Preloading 0 native plugins for Editor in 0.00 ms.
Unloading 5071 Unused Serialized files (Serialized files now loaded: 0)
Unloading 25 unused Assets / (0.7 MB). Loaded Objects now: 5718.
Memory consumption went from 189.1 MB to 188.4 MB.
Total: 3.033500 ms (FindLiveObjects: 0.339200 ms CreateObjectMapping: 0.364400 ms MarkObjects: 2.059200 ms  DeleteObjects: 0.270000 ms)

Prepare: number of updated asset objects reloaded= 0
AssetImportParameters requested are different than current active one (requested -> active):
  custom:container-demuxer-ogg: 62fdf1f143b41e24485cea50d1cbac27 -> 
  custom:video-decoder-ogg-theora: a1e56fd34408186e4bbccfd4996cb3dc -> 
  custom:framework-win-MediaFoundation: 216162199b28c13a410421893ffa2e32 -> 
  custom:CustomObjectIndexerAttribute: 72b91833f83ae208fae7752999fa3104 -> 
  custom:container-demuxer-webm: 4f35f7cbe854078d1ac9338744f61a02 -> 
  custom:container-muxer-webm: aa71ff27fc2769a1b78a27578f13a17b -> 
  custom:video-decoder-webm-vp8: 9c59270c3fd7afecdb556c50c9e8de78 -> 
  custom:SearchIndexIgnoredProperties: e643bd26f0fe6173181afceb89e7c659 -> 
  custom:scripting/precompiled-assembly-types:PlayModeTests: 01201458a1a12b6821ba3ba714bb8458 -> 3bb08c5da998212b299b22a516533d20
  custom:AudioImporter_EditorPlatform: d09bf68614088b80899f8185d706f6e7 -> 
  custom:video-encoder-webm-vp8: eb34c28f22e8b96e1ab97ce403110664 -> 
  custom:audio-decoder-ogg-vorbis: bf7c407c2cedff20999df2af8eb42d56 -> 
  custom:audio-encoder-webm-vorbis: bf7c407c2cedff20999df2af8eb42d56 -> 
  custom:scripting/monoscript/fileName/AI_Test.cs: 101b1c86fa2447d1fdc9b5bf6716293b -> 
========================================================================
Received Prepare
Caller must complete domain reload
Begin MonoManager ReloadAssembly
- Loaded All Assemblies, in  0.377 seconds
Native extension for WindowsStandalone target not found
[Package Manager] Server::EnsureServerProcessIsRunning -- launch failed, reason: Unity was launched with the -noUpm command-line argument
[Package Manager] UpmClient::Send -- Unable to send message (not connected to UPM process).
[Package Manager] Cannot connect to Unity Package Manager local server
Mono: successfully reloaded assembly
- Finished resetting the current domain, in  1.079 seconds
Domain Reload Profiling: 1454ms
	BeginReloadAssembly (121ms)
		ExecutionOrderSort (0ms)
		DisableScriptedObjects (4ms)
		BackupInstance (0ms)
		ReleaseScriptingObjects (0ms)
		CreateAndSetChildDomain (25ms)
	RebuildCommonClasses (28ms)
	RebuildNativeTypeToScriptingClass (10ms)
	initialDomainReloadingComplete (25ms)
	LoadAllAssembliesAndSetupDomain (192ms)
		LoadAssemblies (240ms)
		RebuildTransferFunctionScriptingTraits (0ms)
		AnalyzeDomain (17ms)
			TypeCache.Refresh (6ms)
				TypeCache.ScanAssembly (0ms)
			ScanForSourceGeneratedMonoScriptInfo (0ms)
			ResolveRequiredComponents (10ms)
	FinalizeReload (1079ms)
		ReleaseScriptCaches (0ms)
		RebuildScriptCaches (0ms)
		SetupLoadedEditorAssemblies (549ms)
			LogAssemblyErrors (0ms)
			InitializePlatformSupportModulesInManaged (5ms)
			SetLoadedEditorAssemblies (3ms)
			RefreshPlugins (0ms)
			BeforeProcessingInitializeOnLoad (85ms)
			ProcessInitializeOnLoadAttributes (398ms)
			ProcessInitializeOnLoadMethodAttributes (52ms)
			AfterProcessingInitializeOnLoad (6ms)
			EditorAssembliesLoaded (0ms)
		ExecutionOrderSort2 (0ms)
		AwakeInstancesAfterBackupRestoration (4ms)
Refreshing native plugins compatible for Editor in 5.32 ms, found 5 plugins.
Preloading 0 native plugins for Editor in 0.00 ms.
Unloading 5071 Unused Serialized files (Serialized files now loaded: 0)
Unloading 25 unused Assets / (0.7 MB). Loaded Objects now: 5721.
Memory consumption went from 189.1 MB to 188.5 MB.
Total: 3.265200 ms (FindLiveObjects: 0.344500 ms CreateObjectMapping: 0.325900 ms MarkObjects: 2.326500 ms  DeleteObjects: 0.267700 ms)

Prepare: number of updated asset objects reloaded= 0
AssetImportParameters requested are different than current active one (requested -> active):
  custom:container-demuxer-ogg: 62fdf1f143b41e24485cea50d1cbac27 -> 
  custom:video-decoder-ogg-theora: a1e56fd34408186e4bbccfd4996cb3dc -> 
  custom:framework-win-MediaFoundation: 216162199b28c13a410421893ffa2e32 -> 
  custom:CustomObjectIndexerAttribute: 72b91833f83ae208fae7752999fa3104 -> 
  custom:container-demuxer-webm: 4f35f7cbe854078d1ac9338744f61a02 -> 
  custom:container-muxer-webm: aa71ff27fc2769a1b78a27578f13a17b -> 
  custom:video-decoder-webm-vp8: 9c59270c3fd7afecdb556c50c9e8de78 -> 
  custom:SearchIndexIgnoredProperties: e643bd26f0fe6173181afceb89e7c659 -> 
  custom:scripting/precompiled-assembly-types:PlayModeTests: 01201458a1a12b6821ba3ba714bb8458 -> 3bb08c5da998212b299b22a516533d20
  custom:AudioImporter_EditorPlatform: d09bf68614088b80899f8185d706f6e7 -> 
  custom:video-encoder-webm-vp8: eb34c28f22e8b96e1ab97ce403110664 -> 
  custom:audio-decoder-ogg-vorbis: bf7c407c2cedff20999df2af8eb42d56 -> 
  custom:audio-encoder-webm-vorbis: bf7c407c2cedff20999df2af8eb42d56 -> 
  custom:scripting/monoscript/fileName/AI_Test.cs: 101b1c86fa2447d1fdc9b5bf6716293b -> 
========================================================================
Received Prepare
Caller must complete domain reload
Begin MonoManager ReloadAssembly
- Loaded All Assemblies, in  0.406 seconds
Native extension for WindowsStandalone target not found
[Package Manager] Server::EnsureServerProcessIsRunning -- launch failed, reason: Unity was launched with the -noUpm command-line argument
[Package Manager] UpmClient::Send -- Unable to send message (not connected to UPM process).
[Package Manager] Cannot connect to Unity Package Manager local server
Mono: successfully reloaded assembly
- Finished resetting the current domain, in  1.108 seconds
Domain Reload Profiling: 1512ms
	BeginReloadAssembly (121ms)
		ExecutionOrderSort (0ms)
		DisableScriptedObjects (4ms)
		BackupInstance (0ms)
		ReleaseScriptingObjects (0ms)
		CreateAndSetChildDomain (23ms)
	RebuildCommonClasses (29ms)
	RebuildNativeTypeToScriptingClass (10ms)
	initialDomainReloadingComplete (26ms)
	LoadAllAssembliesAndSetupDomain (218ms)
		LoadAssemblies (246ms)
		RebuildTransferFunctionScriptingTraits (0ms)
		AnalyzeDomain (38ms)
			TypeCache.Refresh (9ms)
				TypeCache.ScanAssembly (1ms)
			ScanForSourceGeneratedMonoScriptInfo (17ms)
			ResolveRequiredComponents (10ms)
	FinalizeReload (1109ms)
		ReleaseScriptCaches (0ms)
		RebuildScriptCaches (0ms)
		SetupLoadedEditorAssemblies (499ms)
			LogAssemblyErrors (0ms)
			InitializePlatformSupportModulesInManaged (5ms)
			SetLoadedEditorAssemblies (3ms)
			RefreshPlugins (0ms)
			BeforeProcessingInitializeOnLoad (68ms)
			ProcessInitializeOnLoadAttributes (370ms)
			ProcessInitializeOnLoadMethodAttributes (47ms)
			AfterProcessingInitializeOnLoad (6ms)
			EditorAssembliesLoaded (0ms)
		ExecutionOrderSort2 (0ms)
		AwakeInstancesAfterBackupRestoration (4ms)
Refreshing native plugins compatible for Editor in 4.85 ms, found 5 plugins.
Preloading 0 native plugins for Editor in 0.00 ms.
Unloading 5071 Unused Serialized files (Serialized files now loaded: 0)
Unloading 25 unused Assets / (0.7 MB). Loaded Objects now: 5724.
Memory consumption went from 189.1 MB to 188.5 MB.
Total: 3.043600 ms (FindLiveObjects: 0.315500 ms CreateObjectMapping: 0.275400 ms MarkObjects: 2.189600 ms  DeleteObjects: 0.262100 ms)

Prepare: number of updated asset objects reloaded= 0
AssetImportParameters requested are different than current active one (requested -> active):
  custom:container-demuxer-ogg: 62fdf1f143b41e24485cea50d1cbac27 -> 
  custom:video-decoder-ogg-theora: a1e56fd34408186e4bbccfd4996cb3dc -> 
  custom:framework-win-MediaFoundation: 216162199b28c13a410421893ffa2e32 -> 
  custom:CustomObjectIndexerAttribute: 72b91833f83ae208fae7752999fa3104 -> 
  custom:container-demuxer-webm: 4f35f7cbe854078d1ac9338744f61a02 -> 
  custom:container-muxer-webm: aa71ff27fc2769a1b78a27578f13a17b -> 
  custom:video-decoder-webm-vp8: 9c59270c3fd7afecdb556c50c9e8de78 -> 
  custom:SearchIndexIgnoredProperties: e643bd26f0fe6173181afceb89e7c659 -> 
  custom:scripting/precompiled-assembly-types:PlayModeTests: 01201458a1a12b6821ba3ba714bb8458 -> 3bb08c5da998212b299b22a516533d20
  custom:AudioImporter_EditorPlatform: d09bf68614088b80899f8185d706f6e7 -> 
  custom:video-encoder-webm-vp8: eb34c28f22e8b96e1ab97ce403110664 -> 
  custom:audio-decoder-ogg-vorbis: bf7c407c2cedff20999df2af8eb42d56 -> 
  custom:audio-encoder-webm-vorbis: bf7c407c2cedff20999df2af8eb42d56 -> 
  custom:scripting/monoscript/fileName/AI_Test.cs: 101b1c86fa2447d1fdc9b5bf6716293b -> 
========================================================================
Received Prepare
Caller must complete domain reload
Begin MonoManager ReloadAssembly
- Loaded All Assemblies, in  0.405 seconds
Native extension for WindowsStandalone target not found
[Package Manager] Server::EnsureServerProcessIsRunning -- launch failed, reason: Unity was launched with the -noUpm command-line argument
[Package Manager] UpmClient::Send -- Unable to send message (not connected to UPM process).
[Package Manager] Cannot connect to Unity Package Manager local server
Mono: successfully reloaded assembly
- Finished resetting the current domain, in  1.132 seconds
Domain Reload Profiling: 1536ms
	BeginReloadAssembly (122ms)
		ExecutionOrderSort (0ms)
		DisableScriptedObjects (4ms)
		BackupInstance (0ms)
		ReleaseScriptingObjects (0ms)
		CreateAndSetChildDomain (26ms)
	RebuildCommonClasses (28ms)
	RebuildNativeTypeToScriptingClass (10ms)
	initialDomainReloadingComplete (26ms)
	LoadAllAssembliesAndSetupDomain (218ms)
		LoadAssemblies (244ms)
		RebuildTransferFunctionScriptingTraits (0ms)
		AnalyzeDomain (40ms)
			TypeCache.Refresh (9ms)
				TypeCache.ScanAssembly (1ms)
			ScanForSourceGeneratedMonoScriptInfo (18ms)
			ResolveRequiredComponents (11ms)
	FinalizeReload (1133ms)
		ReleaseScriptCaches (0ms)
		RebuildScriptCaches (0ms)
		SetupLoadedEditorAssemblies (532ms)
			LogAssemblyErrors (0ms)
			InitializePlatformSupportModulesInManaged (6ms)
			SetLoadedEditorAssemblies (4ms)
			RefreshPlugins (0ms)
			BeforeProcessingInitializeOnLoad (75ms)
			ProcessInitializeOnLoadAttributes (395ms)
			ProcessInitializeOnLoadMethodAttributes (47ms)
			AfterProcessingInitializeOnLoad (6ms)
			EditorAssembliesLoaded (0ms)
		ExecutionOrderSort2 (0ms)
		AwakeInstancesAfterBackupRestoration (4ms)
Refreshing native plugins compatible for Editor in 5.38 ms, found 5 plugins.
Preloading 0 native plugins for Editor in 0.00 ms.
Unloading 5071 Unused Serialized files (Serialized files now loaded: 0)
Unloading 25 unused Assets / (0.7 MB). Loaded Objects now: 5727.
Memory consumption went from 189.1 MB to 188.5 MB.
Total: 2.897300 ms (FindLiveObjects: 0.324700 ms CreateObjectMapping: 0.286500 ms MarkObjects: 2.033000 ms  DeleteObjects: 0.252600 ms)

Prepare: number of updated asset objects reloaded= 0
AssetImportParameters requested are different than current active one (requested -> active):
  custom:container-demuxer-ogg: 62fdf1f143b41e24485cea50d1cbac27 -> 
  custom:video-decoder-ogg-theora: a1e56fd34408186e4bbccfd4996cb3dc -> 
  custom:framework-win-MediaFoundation: 216162199b28c13a410421893ffa2e32 -> 
  custom:CustomObjectIndexerAttribute: 72b91833f83ae208fae7752999fa3104 -> 
  custom:container-demuxer-webm: 4f35f7cbe854078d1ac9338744f61a02 -> 
  custom:scripting/precompiled-assembly-types:Main: 3ce7f1bbf1eb1d2668f3bc8a3acad474 -> f9f405ac6eef3fa3977f9c6b028c8f36
  custom:container-muxer-webm: aa71ff27fc2769a1b78a27578f13a17b -> 
  custom:video-decoder-webm-vp8: 9c59270c3fd7afecdb556c50c9e8de78 -> 
  custom:SearchIndexIgnoredProperties: e643bd26f0fe6173181afceb89e7c659 -> 
  custom:scripting/precompiled-assembly-types:PlayModeTests: 01201458a1a12b6821ba3ba714bb8458 -> 3bb08c5da998212b299b22a516533d20
  custom:AudioImporter_EditorPlatform: d09bf68614088b80899f8185d706f6e7 -> 
  custom:video-encoder-webm-vp8: eb34c28f22e8b96e1ab97ce403110664 -> 
  custom:audio-decoder-ogg-vorbis: bf7c407c2cedff20999df2af8eb42d56 -> 
  custom:audio-encoder-webm-vorbis: bf7c407c2cedff20999df2af8eb42d56 -> 
  custom:scripting/monoscript/fileName/AI_Test.cs: 101b1c86fa2447d1fdc9b5bf6716293b -> 
========================================================================
Received Prepare
Caller must complete domain reload
Begin MonoManager ReloadAssembly
- Loaded All Assemblies, in  0.376 seconds
Native extension for WindowsStandalone target not found
[Package Manager] Server::EnsureServerProcessIsRunning -- launch failed, reason: Unity was launched with the -noUpm command-line argument
[Package Manager] UpmClient::Send -- Unable to send message (not connected to UPM process).
[Package Manager] Cannot connect to Unity Package Manager local server
Mono: successfully reloaded assembly
- Finished resetting the current domain, in  1.118 seconds
Domain Reload Profiling: 1492ms
	BeginReloadAssembly (118ms)
		ExecutionOrderSort (0ms)
		DisableScriptedObjects (4ms)
		BackupInstance (0ms)
		ReleaseScriptingObjects (0ms)
		CreateAndSetChildDomain (24ms)
	RebuildCommonClasses (28ms)
	RebuildNativeTypeToScriptingClass (10ms)
	initialDomainReloadingComplete (26ms)
	LoadAllAssembliesAndSetupDomain (191ms)
		LoadAssemblies (238ms)
		RebuildTransferFunctionScriptingTraits (0ms)
		AnalyzeDomain (17ms)
			TypeCache.Refresh (6ms)
				TypeCache.ScanAssembly (0ms)
			ScanForSourceGeneratedMonoScriptInfo (0ms)
			ResolveRequiredComponents (10ms)
	FinalizeReload (1118ms)
		ReleaseScriptCaches (0ms)
		RebuildScriptCaches (0ms)
		SetupLoadedEditorAssemblies (550ms)
			LogAssemblyErrors (0ms)
			InitializePlatformSupportModulesInManaged (6ms)
			SetLoadedEditorAssemblies (3ms)
			RefreshPlugins (0ms)
			BeforeProcessingInitializeOnLoad (75ms)
			ProcessInitializeOnLoadAttributes (407ms)
			ProcessInitializeOnLoadMethodAttributes (52ms)
			AfterProcessingInitializeOnLoad (6ms)
			EditorAssembliesLoaded (0ms)
		ExecutionOrderSort2 (0ms)
		AwakeInstancesAfterBackupRestoration (4ms)
Refreshing native plugins compatible for Editor in 5.37 ms, found 5 plugins.
Preloading 0 native plugins for Editor in 0.00 ms.
Unloading 5071 Unused Serialized files (Serialized files now loaded: 0)
Unloading 25 unused Assets / (0.7 MB). Loaded Objects now: 5730.
Memory consumption went from 189.1 MB to 188.5 MB.
Total: 3.328400 ms (FindLiveObjects: 0.377400 ms CreateObjectMapping: 0.307500 ms MarkObjects: 2.337400 ms  DeleteObjects: 0.305500 ms)

Prepare: number of updated asset objects reloaded= 0
AssetImportParameters requested are different than current active one (requested -> active):
  custom:container-demuxer-ogg: 62fdf1f143b41e24485cea50d1cbac27 -> 
  custom:video-decoder-ogg-theora: a1e56fd34408186e4bbccfd4996cb3dc -> 
  custom:framework-win-MediaFoundation: 216162199b28c13a410421893ffa2e32 -> 
  custom:CustomObjectIndexerAttribute: 72b91833f83ae208fae7752999fa3104 -> 
  custom:container-demuxer-webm: 4f35f7cbe854078d1ac9338744f61a02 -> 
  custom:scripting/precompiled-assembly-types:Main: 3ce7f1bbf1eb1d2668f3bc8a3acad474 -> f9f405ac6eef3fa3977f9c6b028c8f36
  custom:container-muxer-webm: aa71ff27fc2769a1b78a27578f13a17b -> 
  custom:video-decoder-webm-vp8: 9c59270c3fd7afecdb556c50c9e8de78 -> 
  custom:SearchIndexIgnoredProperties: e643bd26f0fe6173181afceb89e7c659 -> 
  custom:scripting/precompiled-assembly-types:PlayModeTests: 01201458a1a12b6821ba3ba714bb8458 -> 3bb08c5da998212b299b22a516533d20
  custom:AudioImporter_EditorPlatform: d09bf68614088b80899f8185d706f6e7 -> 
  custom:video-encoder-webm-vp8: eb34c28f22e8b96e1ab97ce403110664 -> 
  custom:audio-decoder-ogg-vorbis: bf7c407c2cedff20999df2af8eb42d56 -> 
  custom:audio-encoder-webm-vorbis: bf7c407c2cedff20999df2af8eb42d56 -> 
  custom:scripting/monoscript/fileName/AI_Test.cs: 101b1c86fa2447d1fdc9b5bf6716293b -> 
========================================================================
Received Import Request.
  Time since last request: 4162.547046 seconds.
  path: Assets/Scripts/ONNXModelLoader.cs
  artifactKey: Guid(e868a6344010dab4bb4ea4f39f703701) Importer(815301076,1909f56bfc062723c751e8b465ee728b)
Start importing Assets/Scripts/ONNXModelLoader.cs using Guid(e868a6344010dab4bb4ea4f39f703701) Importer(815301076,1909f56bfc062723c751e8b465ee728b) [PhysX] Initialized MultithreadedTaskDispatcher with 6 workers.
 -> (artifact id: '0bd4e964175d725cc3fdde9e673be164') in 0.001311 seconds
Number of updated asset objects reloaded before import = 0
Number of asset objects unloaded after import = 0
